id,created_at,text,source,geo,place,retweet_count,favorite_count,favorited,retweeted,sentiment,positive,negative
1.6016166411580498e+18,Sat Dec 10 16:35:38 +0000 2022,R.I.P #Bitcoin Rainbow Chart https://t.co/yh4PxtmYJr,"<a href=""https://mobile.twitter.com"" rel=""nofollow"">Twitter Web App</a>",,,704.0,3743.0,False,False,positive,0.9902499318122864,0.00975005328655243
1.6037742914214339e+18,Fri Dec 16 15:29:22 +0000 2022,"Please all be aware that Bitcoin $BTC is developing the infamous ""three blind mice"" chart construction. https://t.co/YeZHaHiOev","<a href=""https://mobile.twitter.com"" rel=""nofollow"">Twitter Web App</a>",,,603.0,5081.0,False,False,positive,0.9999998807907104,1.1440373981486118e-07
1.6042649926095503e+18,Sat Dec 17 23:59:14 +0000 2022,ETHUSD Weakness.. alike the Crypto Market for COINBASE:ETHUSD by WillSebastian #bitcoin #crypto #btc $btc‚Ä¶ https://t.co/rpDqjhOSo7,"<a href=""http://bitcoinagile.com"" rel=""nofollow"">bitcoinagile</a>",,,0.0,1.0,False,False,positive,0.9999998807907104,6.245439720942159e-08
1.6042645043003924e+18,Sat Dec 17 23:57:18 +0000 2022,üî• ETHUSD Weakness.. (alike the Crypto Market)‚ùì Check the post https://t.co/O9iCSUt6gO #bitcoin @tradingview #crypto $btc #btc,"<a href=""https://www.make.com"" rel=""nofollow"">Make (formerly Integromat)</a>",,,0.0,0.0,False,False,positive,1.0,2.2046021952437656e-10
1.604261992214274e+18,Sat Dec 17 23:47:19 +0000 2022,üî• BCTUSDT Shorts‚ùì Check the post https://t.co/vO7qBQCIoi #bitcoin @tradingview #crypto $btc #btc,"<a href=""https://www.make.com"" rel=""nofollow"">Make (formerly Integromat)</a>",,,0.0,0.0,False,False,positive,1.0,1.2803706983532948e-09
1.6042605459555246e+18,Sat Dec 17 23:41:34 +0000 2022,RT @MASTERBTCLTC: Pay attention to this chart. Litecoin transaction volume in dollars is catching up to Bitcoin and Bitcoin is in dire stra‚Ä¶,"<a href=""http://twitter.com/download/android"" rel=""nofollow"">Twitter for Android</a>",,,10.0,0.0,False,False,positive,0.9906519651412964,0.009347991086542606
1.6042596266477076e+18,Sat Dec 17 23:37:55 +0000 2022,A BUY STEP FOR POLKADOT  for KUCOIN:DOTUSDT by OmidBK2003 #bitcoin #crypto #btc $btc https://t.co/srr2MGELHa https://t.co/1cIfWgBbwC,"<a href=""http://bitcoinagile.com"" rel=""nofollow"">bitcoinagile</a>",,,0.0,3.0,False,False,positive,0.9999997615814209,2.5311089757451555e-07
1.6042594792892006e+18,Sat Dec 17 23:37:20 +0000 2022,üî• A BUY STEP FOR POLKADOT !!!‚ùì Check the post https://t.co/vtHzWZqFIR #bitcoin @tradingview #crypto $btc #btc,"<a href=""https://www.make.com"" rel=""nofollow"">Make (formerly Integromat)</a>",,,0.0,0.0,False,False,positive,1.0,2.4141227683571742e-08
1.6042579093317468e+18,Sat Dec 17 23:31:05 +0000 2022,Thoughts on $BTC #Bitcoin! See Baharmostofi's idea on TradingView below. https://t.co/9DVcotltrA,"<a href=""https://help.twitter.com/en/using-twitter/how-to-tweet#source-labels"" rel=""nofollow"">CryptoCharts Feed</a>",,,0.0,0.0,False,False,positive,0.7217015027999878,0.2782985270023346
1.604257245831e+18,Sat Dec 17 23:28:27 +0000 2022,"RT @PeterLBrandt: Please all be aware that Bitcoin $BTC is developing the infamous ""three blind mice"" chart construction. https://t.co/YeZH‚Ä¶","<a href=""http://twitter.com/download/iphone"" rel=""nofollow"">Twitter for iPhone</a>",,,603.0,0.0,False,False,positive,0.9999992847442627,6.794518867536681e-07
1.6042570320051978e+18,Sat Dec 17 23:27:36 +0000 2022,BTC broke down the RSI Support for BINANCE:BTCUSDT by bOnchain #bitcoin #crypto #btc $btc https://t.co/nQzwj8p2z3 https://t.co/huwJyZcn1t,"<a href=""http://bitcoinagile.com"" rel=""nofollow"">bitcoinagile</a>",,,0.0,1.0,False,False,positive,1.0,6.004345909360609e-09
1.6042569563189821e+18,Sat Dec 17 23:27:18 +0000 2022,üî• BTC broke down the RSI Support‚ùì Check the post https://t.co/sddnQhMJrr #bitcoin @tradingview #crypto $btc #btc,"<a href=""https://www.make.com"" rel=""nofollow"">Make (formerly Integromat)</a>",,,0.0,1.0,False,False,positive,0.9999996423721313,3.0578144105675165e-07
1.6042561646988206e+18,Sat Dec 17 23:24:09 +0000 2022,Top Crypto Analyst Forecasts Big Move for Binance Coin (BNB) on Bitcoin (BTC) Chart #binance #bnb https://t.co/9ZNHk5mAvo,"<a href=""https://ifttt.com"" rel=""nofollow"">IFTTT</a>",,,1.0,5.0,False,False,positive,0.9999936819076538,6.3677371144876815e-06
1.6042550080104407e+18,Sat Dec 17 23:19:34 +0000 2022,THE DAILY HODL: Top Crypto Analyst Forecasts Big Move for Binance Coin (BNB) on Bitcoin (BTC) Chart ‚Äì Here‚Äôs the Ou‚Ä¶ https://t.co/bMs0AS6n88,"<a href=""https://dlvrit.com/"" rel=""nofollow"">dlvr.it</a>",,,0.0,1.0,False,False,positive,0.9987176656723022,0.0012823529541492462
1.60425467481054e+18,Sat Dec 17 23:18:14 +0000 2022,Top Crypto Analyst Forecasts Big Move for Binance Coin (BNB) on Bitcoin (BTC) Chart ‚Äì Here‚Äôs the¬†Outlook https://t.co/roye4NVxiZ,"<a href=""http://publicize.wp.com/"" rel=""nofollow"">Jetpack.com</a>",,,0.0,1.0,False,False,positive,0.9999781847000122,2.1831001504324377e-05
1.6042544381972808e+18,Sat Dec 17 23:17:18 +0000 2022,üî• BTC in descending channel‚ùì Check the post https://t.co/njo9xfceVR #bitcoin @tradingview #crypto $btc #btc,"<a href=""https://www.make.com"" rel=""nofollow"">Make (formerly Integromat)</a>",,,0.0,2.0,False,False,positive,0.9999988079071045,1.2106389704058529e-06
1.6042519562052936e+18,Sat Dec 17 23:07:26 +0000 2022,BTC broke down the RSI Support for BITSTAMP:BTCUSD by bOnchain #bitcoin #crypto #btc $btc https://t.co/iWAAm9RLFT https://t.co/vpbbUfgyuK,"<a href=""http://bitcoinagile.com"" rel=""nofollow"">bitcoinagile</a>",,,0.0,0.0,False,False,positive,1.0,2.366517470875351e-08
1.6042519288205885e+18,Sat Dec 17 23:07:20 +0000 2022,üî• BTC broke down the RSI Support‚ùì Check the post https://t.co/llOFGPXB6I #bitcoin @tradingview #crypto $btc #btc,"<a href=""https://www.make.com"" rel=""nofollow"">Make (formerly Integromat)</a>",,,0.0,0.0,False,False,positive,1.0,2.2137776056752045e-08
1.6042516981968937e+18,Sat Dec 17 23:06:25 +0000 2022,Huge BTCUSDT Falling Wedge for BINANCE #Trading #bitcoin via https://t.co/yNOfVDx5DP https://t.co/hpPTwaL5X3,"<a href=""http://twinybots.com"" rel=""nofollow"">TwinyBots</a>",,,0.0,0.0,False,False,positive,1.0,1.3712223197182016e-11
1.6042515910867845e+18,Sat Dec 17 23:05:59 +0000 2022,Instead of watching movies i watch live #Bitcoin chart. This is more exciting than any action movie üôÉ,"<a href=""https://mobile.twitter.com"" rel=""nofollow"">Twitter Web App</a>",,,0.0,3.0,False,False,negative,0.16485366225242615,0.8351463079452515
1.604249441539707e+18,Sat Dec 17 22:57:27 +0000 2022,SPOT OPPORTUNITY ON LTC  for KUCOIN:LTCUSDT by OmidBK2003 #bitcoin #crypto #btc $btc https://t.co/x4iIgvkRGI https://t.co/vbyJiQlcEF,"<a href=""http://bitcoinagile.com"" rel=""nofollow"">bitcoinagile</a>",,,0.0,0.0,False,False,positive,0.9727489948272705,0.02725103497505188
1.604249411776807e+18,Sat Dec 17 22:57:19 +0000 2022,üî• SPOT OPPORTUNITY ON LTC !!!‚ùì Check the post https://t.co/vNHocr6dr6 #bitcoin @tradingview #crypto $btc #btc,"<a href=""https://www.make.com"" rel=""nofollow"">Make (formerly Integromat)</a>",,,0.0,0.0,False,False,positive,0.9998939037322998,0.00010607232979964465
1.6042493525367562e+18,Sat Dec 17 22:57:05 +0000 2022,#fibonacci and the universe: fibonacci and the universe Bitcoin / United States Dollar COINBASE:BTCUSD thecryer ‚Äì S‚Ä¶ https://t.co/3tII8Eusrq,"<a href=""https://dlvrit.com/"" rel=""nofollow"">dlvr.it</a>",,,0.0,0.0,False,False,negative,0.16564862430095673,0.8343513607978821
1.60424817328282e+18,Sat Dec 17 22:52:24 +0000 2022,Pay attention to this chart. Litecoin transaction volume in dollars is catching up to Bitcoin and Bitcoin is in dir‚Ä¶ https://t.co/9eoAh1I7Vf,"<a href=""https://mobile.twitter.com"" rel=""nofollow"">Twitter Web App</a>",,,10.0,51.0,False,False,positive,0.9999988079071045,1.1437989542173455e-06
1.6042476301877453e+18,Sat Dec 17 22:50:15 +0000 2022,Top Crypto Analyst Forecasts Big Move for Binance Coin (BNB) on Bitcoin (BTC) Chart ‚Äì Here‚Äôs the Outlook‚Ä¶ https://t.co/UAznP0IuZx,"<a href=""https://dlvrit.com/"" rel=""nofollow"">dlvr.it</a>",,,0.0,0.0,False,False,positive,0.9997597336769104,0.00024026665778364986
1.6042469191103283e+18,Sat Dec 17 22:47:25 +0000 2022,BTCUSDT - Bearish Gartley - Correlation to USD INDEX  for BINANCE:BTCUSDT by hmaroudas #bitcoin #crypto #btc $btc‚Ä¶ https://t.co/nOSYJHTcgq,"<a href=""http://bitcoinagile.com"" rel=""nofollow"">bitcoinagile</a>",,,0.0,0.0,False,False,positive,0.9999997615814209,2.2287719048108556e-07
1.604246891713151e+18,Sat Dec 17 22:47:19 +0000 2022,üî• BTCUSDT - Bearish Gartley - Correlation to USD INDEX‚ùì Check the post https://t.co/ygxVWxNBTt #bitcoin @tradingview #crypto $btc #btc,"<a href=""https://www.make.com"" rel=""nofollow"">Make (formerly Integromat)</a>",,,0.0,1.0,False,False,positive,1.0,2.1182020581989036e-09
1.6042444567897088e+18,Sat Dec 17 22:37:38 +0000 2022,ETHUSDT-Positive After Reverse Head&amp;Shoulders - Into Resistance for BINANCE:ETHUSDT by hmaroudas #bitcoin‚Ä¶ https://t.co/L8rZwW51Ri,"<a href=""http://bitcoinagile.com"" rel=""nofollow"">bitcoinagile</a>",,,0.0,0.0,False,False,negative,0.059607211500406265,0.9403927326202393
1.6042443774586757e+18,Sat Dec 17 22:37:19 +0000 2022,üî• ETHUSDT-Positive After Reverse Head&amp;Shoulders - Into Resistance‚ùì Check the post https://t.co/Hk0NsX4SQ3 #bitcoin‚Ä¶ https://t.co/njvsxY1afe,"<a href=""https://www.make.com"" rel=""nofollow"">Make (formerly Integromat)</a>",,,0.0,0.0,False,False,positive,0.9860593676567078,0.013940638862550259
1.6042428370501222e+18,Sat Dec 17 22:31:12 +0000 2022,This support looks legit for BITSTAMP:BTCUSD by Finnovin #Bitcoin $BTC https://t.co/vo1Qc30b97 https://t.co/3LMrpiNGPn,"<a href=""http://bitcoinagile.com"" rel=""nofollow"">bitcoinagile</a>",,,0.0,1.0,False,False,positive,0.9999972581863403,2.7306648462399608e-06
1.6042428114732483e+18,Sat Dec 17 22:31:06 +0000 2022,Thoughts on $BTC #Bitcoin! See Finnovin's idea on TradingView below. https://t.co/X61DgcTQPy,"<a href=""https://help.twitter.com/en/using-twitter/how-to-tweet#source-labels"" rel=""nofollow"">CryptoCharts Feed</a>",,,0.0,0.0,False,False,positive,0.918822705745697,0.08117727190256119
1.6042425921573683e+18,Sat Dec 17 22:30:14 +0000 2022,RT @bitcoinagile: Huge BTCUSDT Falling Wedge for BINANCE:BTCUSDT by Traders_Endeavors #Bitcoin $BTC https://t.co/tCXTZLIHcQ https://t.co/Zu‚Ä¶,"<a href=""http://twinybots.com"" rel=""nofollow"">TwinyBots</a>",,,2.0,0.0,False,False,positive,0.9999998807907104,6.242891004148987e-08
1.6042418879714017e+18,Sat Dec 17 22:27:26 +0000 2022,COMPUSDT Initial Long - Oversold for BINANCE:COMPUSDT by unknownpower #bitcoin #crypto #btc $btc‚Ä¶ https://t.co/oj2q3G5MXF,"<a href=""http://bitcoinagile.com"" rel=""nofollow"">bitcoinagile</a>",,,0.0,1.0,False,False,positive,0.5571479797363281,0.44285205006599426
1.6042418600290304e+18,Sat Dec 17 22:27:19 +0000 2022,üî• COMPUSDT Initial Long - Oversold‚ùì Check the post https://t.co/S5S2dySe9S #bitcoin @tradingview #crypto $btc #btc,"<a href=""https://www.make.com"" rel=""nofollow"">Make (formerly Integromat)</a>",,,0.0,0.0,False,False,positive,0.9998645782470703,0.0001353652769466862
1.6042400175216148e+18,Sat Dec 17 22:20:00 +0000 2022,Top Crypto Analyst Forecasts Big Move for Binance Coin (BNB) on Bitcoin (BTC) Chart ‚Äì Here‚Äôs the Outlook - The Dail‚Ä¶ https://t.co/MuhwydROAq,"<a href=""http://twitter.com/download/iphone"" rel=""nofollow"">Twitter for iPhone</a>",,,0.0,0.0,False,False,positive,0.9999964237213135,3.544232868080144e-06
1.6042393661000294e+18,Sat Dec 17 22:17:24 +0000 2022,BTC for BINANCE:BTCUSDT by BlueWhale90 #bitcoin #crypto #btc $btc https://t.co/w4nIuCx871 https://t.co/1ZgwiNyXvQ,"<a href=""http://bitcoinagile.com"" rel=""nofollow"">bitcoinagile</a>",,,0.0,1.0,False,False,positive,1.0,1.9552388597077197e-09
1.604239338807722e+18,Sat Dec 17 22:17:18 +0000 2022,üî• BTC‚ùì Check the post https://t.co/6dI3XQ40rV #bitcoin @tradingview #crypto $btc #btc,"<a href=""https://www.make.com"" rel=""nofollow"">Make (formerly Integromat)</a>",,,0.0,0.0,False,False,positive,1.0,8.528461492574024e-09
1.6042390638753096e+18,Sat Dec 17 22:16:12 +0000 2022,BTC VS A1000x true reversal point  for BINANCE:BTCUSDT by Aadil1000x #Bitcoin $BTC https://t.co/w2wLCTVV5s https://t.co/fl2X0hJcjx,"<a href=""http://bitcoinagile.com"" rel=""nofollow"">bitcoinagile</a>",,,0.0,0.0,False,False,positive,0.9999943971633911,5.627385235129623e-06
1.6042390364736758e+18,Sat Dec 17 22:16:06 +0000 2022,Thoughts on $BTC #Bitcoin! See Aadil1000x's idea on TradingView below. https://t.co/snMcvoxUON,"<a href=""https://help.twitter.com/en/using-twitter/how-to-tweet#source-labels"" rel=""nofollow"">CryptoCharts Feed</a>",,,0.0,0.0,False,False,positive,0.8821549415588379,0.11784503608942032
1.6042379014786253e+18,Sat Dec 17 22:11:35 +0000 2022,Top Crypto Analyst Forecasts Big Move for Binance Coin (BNB) on Bitcoin (BTC) Chart ‚Äì Here‚Äôs the Outlook https://t.co/G9k5zlV9kY,"<a href=""https://dlvrit.com/"" rel=""nofollow"">dlvr.it</a>",,,0.0,0.0,False,False,positive,0.9999982118606567,1.792850753190578e-06
1.604237703255675e+18,Sat Dec 17 22:10:48 +0000 2022,Top Crypto Analyst Forecasts Big Move for Binance Coin (BNB) on Bitcoin (BTC) Chart ‚Äì Here‚Äôs the¬†Outlook https://t.co/heoAviB7gg,"<a href=""http://publicize.wp.com/"" rel=""nofollow"">Jetpack.com</a>",,,0.0,0.0,False,False,positive,0.9999237060546875,7.632567576365545e-05
1.6042368223511716e+18,Sat Dec 17 22:07:18 +0000 2022,üî• btcusdt‚ùì Check the post https://t.co/hpnovj7QFi #bitcoin @tradingview #crypto $btc #btc,"<a href=""https://www.make.com"" rel=""nofollow"">Make (formerly Integromat)</a>",,,0.0,0.0,False,False,positive,1.0,1.1346354966690342e-09
1.6042363235938058e+18,Sat Dec 17 22:05:19 +0000 2022,RT @bitcoinagile: BTC/USDT: Downside Continuation? for COINBASE:BTCUSD by marcyacoub #Bitcoin https://t.co/MwvapDC8wD https://t.co/XLaaUAJv‚Ä¶,"<a href=""https://mobile.twitter.com"" rel=""nofollow"">Twitter Web App</a>",,,1.0,0.0,False,False,negative,0.21786732971668243,0.7821326851844788
1.6042362107628175e+18,Sat Dec 17 22:04:52 +0000 2022,BTC/USDT: Downside Continuation? for COINBASE:BTCUSD by marcyacoub #Bitcoin https://t.co/MwvapDC8wD https://t.co/XLaaUAJvKs,"<a href=""http://bitcoinagile.com"" rel=""nofollow"">bitcoinagile</a>",,,1.0,0.0,False,False,negative,0.10973255336284637,0.8902674317359924
1.6042353050490962e+18,Sat Dec 17 22:01:16 +0000 2022,Huge BTCUSDT Falling Wedge for BINANCE:BTCUSDT by Traders_Endeavors #Bitcoin $BTC https://t.co/tCXTZLIHcQ https://t.co/Zu5D8XRYTT,"<a href=""http://bitcoinagile.com"" rel=""nofollow"">bitcoinagile</a>",,,2.0,3.0,False,False,positive,0.9999998807907104,6.97340780675404e-08
1.6042352652617277e+18,Sat Dec 17 22:01:07 +0000 2022,Thoughts on $BTC #Bitcoin! See Traders_Endeavors's idea on TradingView below. https://t.co/EF0AeiKr8B,"<a href=""https://help.twitter.com/en/using-twitter/how-to-tweet#source-labels"" rel=""nofollow"">CryptoCharts Feed</a>",,,0.0,0.0,False,False,positive,0.969512403011322,0.03048761747777462
1.6046268977653842e+18,Sun Dec 18 23:57:19 +0000 2022,üî• VIDTUSDT‚ùì Check the post https://t.co/oH6EglzK85 #bitcoin @tradingview #crypto $btc #btc,"<a href=""https://www.make.com"" rel=""nofollow"">Make (formerly Integromat)</a>",,,0.0,0.0,False,False,positive,0.9999985694885254,1.405977513968537e-06
1.6045781686853386e+18,Sun Dec 18 20:43:41 +0000 2022,JUST IN: üá≥üá¨ Nigeria to pass bill legalizing #Bitcoin and crypto - Local Newspaper üôå,"<a href=""https://mobile.twitter.com"" rel=""nofollow"">Twitter Web App</a>",,,837.0,4344.0,False,False,positive,0.9991838335990906,0.0008161651203408837
1.6044726394684908e+18,Sun Dec 18 13:44:21 +0000 2022,Believe in #Bitcoin. https://t.co/5PYy4V5FNJ,"<a href=""https://mobile.twitter.com"" rel=""nofollow"">Twitter Web App</a>",,,1927.0,14678.0,False,False,positive,1.0,1.1310406833331399e-08
1.6045075107774628e+18,Sun Dec 18 16:02:55 +0000 2022,BREAKING: Legendary rapper Drake bet $1 MILLION #Bitcoin on World Cup Final ü§Ø https://t.co/SZUnuKFEBp,"<a href=""https://mobile.twitter.com"" rel=""nofollow"">Twitter Web App</a>",,,392.0,2824.0,False,False,positive,0.9999985694885254,1.4253332665248308e-06
1.6045535851482726e+18,Sun Dec 18 19:06:00 +0000 2022,When someone asks me if I own #Bitcoin or #Ethereum and I own both: https://t.co/qbJTMylEIZ,"<a href=""https://publer.io"" rel=""nofollow"">Publer.io</a>",,,110.0,698.0,False,False,positive,1.0,3.4303190843409936e-10
1.6046275599200584e+18,Sun Dec 18 23:59:57 +0000 2022,RT @saylor: Believe in #Bitcoin. https://t.co/5PYy4V5FNJ,"<a href=""http://twitter.com/download/android"" rel=""nofollow"">Twitter for Android</a>",,,1930.0,0.0,False,False,negative,0.06215151771903038,0.9378484487533569
1.6046275588589978e+18,Sun Dec 18 23:59:57 +0000 2022,Maintaining your wealth under a fiat standard.  #Bitcoin https://t.co/WJf7mGjh5N,"<a href=""http://twitter.com/download/iphone"" rel=""nofollow"">Twitter for iPhone</a>",,,0.0,0.0,False,False,positive,0.9999994039535522,6.484606274170801e-07
1.6046275509484052e+18,Sun Dec 18 23:59:55 +0000 2022,@100trillionUSD Except if you mean Bitcoin is BTC then we are talking more than 19m BTC,"<a href=""http://twitter.com/download/android"" rel=""nofollow"">Twitter for Android</a>",,,0.0,0.0,False,False,positive,0.9999997615814209,2.717322900025465e-07
1.604627544032088e+18,Sun Dec 18 23:59:53 +0000 2022,KARMATOKEN (KTN) went up 8.9 percent in the last 1 minutes on https://t.co/rgEAV9gIXu. #KTN  #crypto #bitcoin‚Ä¶ https://t.co/ojtqpazHeW,"<a href=""http://www.powerapps.com"" rel=""nofollow"">Microsoft Power Platform</a>",,,0.0,0.0,False,False,positive,0.998832643032074,0.001167392241768539
1.6046275417587753e+18,Sun Dec 18 23:59:53 +0000 2022,JulSwap (JULD) went up 10.9 percent in the last 1 minutes on https://t.co/rgEAV9gIXu. #JULD  #crypto #bitcoin‚Ä¶ https://t.co/Kp4ExuyQMy,"<a href=""http://www.powerapps.com"" rel=""nofollow"">Microsoft Power Platform</a>",,,0.0,0.0,False,False,positive,0.9998403787612915,0.00015960741438902915
1.6046275123356877e+18,Sun Dec 18 23:59:46 +0000 2022,RT @cryptomanran: No way! @elonmusk and Jared Kushner! https://t.co/GuDWcm1mE0,"<a href=""https://mobile.twitter.com"" rel=""nofollow"">Twitter Web App</a>",,,838.0,0.0,False,False,negative,0.0006528348312713206,0.9993471503257751
1.604627511446569e+18,Sun Dec 18 23:59:45 +0000 2022,RT @IoT_CloudWork3r: #Bitcoin¬† is better than gold https://t.co/1m7yffwTHS,"<a href=""http://twitter.com/download/android"" rel=""nofollow"">Twitter for Android</a>",,,103.0,0.0,False,False,negative,4.3461486711748876e-06,0.9999957084655762
1.6046275080785592e+18,Sun Dec 18 23:59:45 +0000 2022,RT @DocumentingBTC: 25% of Argentina's internet users own #bitcoin or crypto! üá¶üá∑,"<a href=""http://twitter.com/download/iphone"" rel=""nofollow"">Twitter for iPhone</a>",,,116.0,0.0,False,False,positive,0.9999998807907104,1.666826676682831e-07
1.604627486368596e+18,Sun Dec 18 23:59:39 +0000 2022,New FTX CEO Told Members of Congress SBF's Family 'Certainly Received Payments' From the Business ‚Äì Bitcoin News https://t.co/j6YGuRiXBr,"<a href=""http://twitter.com/download/iphone"" rel=""nofollow"">Twitter for iPhone</a>",,,0.0,0.0,False,False,positive,0.9999995231628418,5.266094831313239e-07
1.6046274786009784e+18,Sun Dec 18 23:59:38 +0000 2022,Bitcoin price index https://t.co/o7UcHJUhC6 #USD #EUR #CNY #GBP #RUB https://t.co/XI8giMfXTh,"<a href=""http://www.worldcoinindex.com"" rel=""nofollow"">WCI Trending</a>",,,0.0,0.0,False,False,positive,0.9999997615814209,2.1912360637088568e-07
1.6046274719067218e+18,Sun Dec 18 23:59:36 +0000 2022,"@_pretyflaco @skwp I've experienced several examples of merchants only accepting lightning or ""I need to go get the‚Ä¶ https://t.co/1ulXWrqCZl","<a href=""http://twitter.com/download/android"" rel=""nofollow"">Twitter for Android</a>",,,0.0,6.0,False,False,negative,0.022258533164858818,0.9777414202690125
1.6046274627884196e+18,Sun Dec 18 23:59:34 +0000 2022,#RT @tangent24: ‚ÄòCrypto winter‚Äô has come. And it‚Äôs looking more like an ice age. https://t.co/IaeaDoASGp,"<a href=""https://ifttt.com"" rel=""nofollow"">IFTTT</a>",,,0.0,0.0,False,False,negative,0.46793630719184875,0.5320637226104736
1.604627443800752e+18,Sun Dec 18 23:59:29 +0000 2022,RT @BitcoinMagazine: JUST IN: üá≥üá¨ Nigeria to pass bill legalizing #Bitcoin and crypto - Local Newspaper üôå,"<a href=""https://mobile.twitter.com"" rel=""nofollow"">Twitter Web App</a>",,,841.0,0.0,False,False,positive,0.9901942610740662,0.009805788286030293
1.604627421780738e+18,Sun Dec 18 23:59:24 +0000 2022,@martypartymusic @Cobratate @saylor The more people wake up to the reality that everything is designed to keep you‚Ä¶ https://t.co/2nhnya3Bcd,"<a href=""http://twitter.com/download/iphone"" rel=""nofollow"">Twitter for iPhone</a>",,,0.0,0.0,False,False,positive,0.9999969005584717,3.066545332330861e-06
1.6046274029105357e+18,Sun Dec 18 23:59:20 +0000 2022,RT @rovercrc: #BITCOIN FALLING WEDGE! üî• https://t.co/z78u5J9LCe,"<a href=""https://mobile.twitter.com"" rel=""nofollow"">Twitter Web App</a>",,,74.0,0.0,False,False,positive,0.995438277721405,0.004561683628708124
1.6046273740118098e+18,Sun Dec 18 23:59:13 +0000 2022,Why This Bitcoin Bearish Divergence Could Spell Doom For BTC Rally #Bitcoin #News https://t.co/8RNQraqvqi #bitcoinnews,"<a href=""https://revive.social/"" rel=""nofollow"">Revive Social App</a>",,,0.0,0.0,False,False,positive,1.0,1.8879623558953895e-11
1.6046273684961567e+18,Sun Dec 18 23:59:11 +0000 2022,RT @BSCNews: üì¢Hey #Bitcoin miners! Get a load of the long-term vision from @Coredao_Org! There could be some great incentives long-term! ‚ö°‚Ä¶,"<a href=""http://twitter.com/download/android"" rel=""nofollow"">Twitter for Android</a>",,,409.0,0.0,False,False,positive,0.9987457990646362,0.001254121889360249
1.6046273628843295e+18,Sun Dec 18 23:59:10 +0000 2022,@zetablockchain @Bitcoin @xdefi_wallet good project,"<a href=""https://mobile.twitter.com"" rel=""nofollow"">Twitter Web App</a>",,,0.0,0.0,False,False,negative,0.1671396791934967,0.8328603506088257
1.6046273619321856e+18,Sun Dec 18 23:59:10 +0000 2022,RT @IncomeSharks: #Bitcoin- December has been a very slow month for trading. Don't feel like you are missing out on anything.,"<a href=""http://twitter.com/download/iphone"" rel=""nofollow"">Twitter for iPhone</a>",,,7.0,0.0,False,False,negative,0.002528548240661621,0.9974714517593384
1.6046273343000494e+18,Sun Dec 18 23:59:03 +0000 2022,RT @deezy____: We‚Äôre all getting $22. In bitcoin. https://t.co/Ehxnvhufw6,"<a href=""https://onloft.com/tweetlogix"" rel=""nofollow"">Tweetlogix</a>",,,18.0,0.0,False,False,negative,6.268314791668672e-06,0.9999936819076538
1.6046273304998707e+18,Sun Dec 18 23:59:02 +0000 2022,RT @PumpMasterr: I will send $600 #Bitcoin¬†¬†¬†¬†¬†to one person ends in next 24hrs. To join Just retweet and be following.,"<a href=""http://twitter.com/download/android"" rel=""nofollow"">Twitter for Android</a>",,,1821.0,0.0,False,False,positive,0.9983044862747192,0.0016954794991761446
1.6046273150230364e+18,Sun Dec 18 23:58:59 +0000 2022,RT @rovercrc: Will #Bitcoin hold this support line? üò±üëá https://t.co/mfcCvYigrU,"<a href=""https://mobile.twitter.com"" rel=""nofollow"">Twitter Web App</a>",,,68.0,0.0,False,False,negative,0.20311206579208374,0.7968879342079163
1.6046273136767631e+18,Sun Dec 18 23:58:58 +0000 2022,What Is Bitcoin? Not sure where to start? We‚Äôve got you covered with educational Bitcoin content for anyone.‚Ä¶ https://t.co/T47Xvr9ASA,"<a href=""http://twitter.com/download/iphone"" rel=""nofollow"">Twitter for iPhone</a>",,,46.0,4.0,False,False,negative,0.11616278439760208,0.8838372230529785
1.6046272915476152e+18,Sun Dec 18 23:58:53 +0000 2022,RT @fireman452a: You know what shocks US?  When WE see a fellow resister and we aren‚Äôt connected. SURE would like to fix that. Retweet and‚Ä¶,"<a href=""http://twitter.com/download/iphone"" rel=""nofollow"">Twitter for iPhone</a>",,,26.0,0.0,False,False,negative,0.016126113012433052,0.9838738441467285
1.6046272446804623e+18,Sun Dec 18 23:58:42 +0000 2022,@HenrikZeberg Interesting. What is your 2023 Bitcoin target ?,"<a href=""http://twitter.com/download/android"" rel=""nofollow"">Twitter for Android</a>",,,0.0,0.0,False,False,negative,0.09658648073673248,0.9034134745597839
1.604627236728017e+18,Sun Dec 18 23:58:40 +0000 2022,@zetablockchain @Zeta_Nite @Bitcoin @Galxe NICE!,"<a href=""https://mobile.twitter.com"" rel=""nofollow"">Twitter Web App</a>",,,0.0,0.0,False,False,positive,0.5492449998855591,0.4507550299167633
1.6046154059342438e+18,Sun Dec 18 23:11:39 +0000 2022,Retweet this if you know why $BTC $ETH $SHIB üî• https://t.co/GyGhUo8qV6,"<a href=""http://twitter.com/download/iphone"" rel=""nofollow"">Twitter for iPhone</a>",,,127.0,416.0,False,False,positive,0.9953084588050842,0.004691511392593384
1.60462756372002e+18,Sun Dec 18 23:59:58 +0000 2022,RT @laralogan: They knew a lot more than they told us.  https://t.co/ACIrrYTYIe,"<a href=""http://twitter.com/download/android"" rel=""nofollow"">Twitter for Android</a>",,,1475.0,0.0,False,False,negative,0.0018044508760794997,0.9981955885887146
1.6046275565814006e+18,Sun Dec 18 23:59:56 +0000 2022,RT @IdolizeMeech: I can‚Äôt even find the ball. He definitely heee heeeeeeeeeeed that btc,"<a href=""http://twitter.com/download/iphone"" rel=""nofollow"">Twitter for iPhone</a>",,,3284.0,0.0,False,False,negative,1.9750217017389105e-09,1.0
1.6046275359790735e+18,Sun Dec 18 23:59:51 +0000 2022,@flantoshi @cardano_whale Ya I have some legacy eth and btc in the exchange. At this point I just leave it there as‚Ä¶ https://t.co/xsqDsO8cF9,"<a href=""https://mobile.twitter.com"" rel=""nofollow"">Twitter Web App</a>",,,0.0,2.0,False,False,positive,0.9998071789741516,0.00019282226276118308
1.6046275016195154e+18,Sun Dec 18 23:59:43 +0000 2022,Kimberley Dobbin Mirabelle Toynbee #btc #ÂΩ©Á•® #ÂºÄ‰∫ë‰ΩìËÇ≤ https://t.co/P3xkbvrc5d,"<a href=""https://mobile.twitter.com"" rel=""nofollow"">Twitter Web App</a>",,,0.0,0.0,False,False,positive,1.0,1.8065068885242397e-10
1.6046274966994166e+18,Sun Dec 18 23:59:42 +0000 2022,@kamikaz_ETH I am OG according to that definition. I sold BTC for ETH and do DeFi since 2020. yet I moved on cause‚Ä¶ https://t.co/PRo5U3CPCK,"<a href=""http://twitter.com/download/iphone"" rel=""nofollow"">Twitter for iPhone</a>",,,0.0,0.0,False,False,positive,0.9999326467514038,6.733805639669299e-05
1.604627484347175e+18,Sun Dec 18 23:59:39 +0000 2022,Looks like 12k BTC not avoidable https://t.co/8JTrQhMoOU,"<a href=""https://mobile.twitter.com"" rel=""nofollow"">Twitter Web App</a>",,,0.0,0.0,False,False,negative,1.0578013291684396e-11,1.0
1.6046274581537137e+18,Sun Dec 18 23:59:33 +0000 2022,@TheScottCharles I hope he stays on. Watching someone torch $44B has been amusing,"<a href=""http://twitter.com/download/iphone"" rel=""nofollow"">Twitter for iPhone</a>",,,0.0,0.0,False,False,negative,7.576161920042068e-07,0.9999992847442627
1.6046274549323284e+18,Sun Dec 18 23:59:32 +0000 2022,Veromca Whittier Sharon Laurie #btc #ÂΩ©Á•® #‰∏ñÁïåÊùØÁõ¥Êí≠ https://t.co/pBVIyyKcXD,"<a href=""https://mobile.twitter.com"" rel=""nofollow"">Twitter Web App</a>",,,0.0,0.0,False,False,positive,1.0,2.4318957958513465e-09
1.604627447743488e+18,Sun Dec 18 23:59:30 +0000 2022,RT @JA_Maartun: Retail (0.1 ~ 1 #BTC) is stacking like there is no tomorrow üöÄ https://t.co/pM7VQzlHLg,"<a href=""http://twitter.com/download/android"" rel=""nofollow"">Twitter for Android</a>",,,91.0,0.0,False,False,negative,0.00255049136467278,0.9974494576454163
1.6046273957256397e+18,Sun Dec 18 23:59:18 +0000 2022,@megbzk He's awake. He's making business moves. Ethics don't trump dollars in his world. He is smarter than how he‚Ä¶ https://t.co/3mporu26Ll,"<a href=""http://twitter.com/download/android"" rel=""nofollow"">Twitter for Android</a>",,,0.0,0.0,False,False,negative,3.1394199595524697e-07,0.9999996423721313
1.6046273895978516e+18,Sun Dec 18 23:59:16 +0000 2022,@Sold_Wife_4_BTC @VitalikButerin @elonmusk Useless poll since Ethereum doesn't have a CEO.,"<a href=""http://twitter.com/download/android"" rel=""nofollow"">Twitter for Android</a>",,,0.0,0.0,False,False,positive,0.9996696710586548,0.0003303271369077265
1.6046273885449994e+18,Sun Dec 18 23:59:16 +0000 2022,RT @elonmusk: Should I step down as head of Twitter? I will abide by the results of this poll.,"<a href=""https://mobile.twitter.com"" rel=""nofollow"">Twitter Web App</a>",,,258923.0,0.0,False,False,negative,0.00907569658011198,0.9909242987632751
1.604627382610309e+18,Sun Dec 18 23:59:15 +0000 2022,Esther Kingsley Max Perkin #btc #ÂΩ©Á•® #‰∏ñÁïåÊùØÁõ¥Êí≠ https://t.co/Vqx16doeI1,"<a href=""https://mobile.twitter.com"" rel=""nofollow"">Twitter Web App</a>",,,0.0,0.0,False,False,positive,1.0,8.20477641383377e-09
1.6046273779040256e+18,Sun Dec 18 23:59:14 +0000 2022,RT @danny_2928: @cryptojack You should see $TOKO from the #Tokoin ecosystem of @Tokoinglobal A project where they also provide financial su‚Ä¶,"<a href=""http://twitter.com/download/android"" rel=""nofollow"">Twitter for Android</a>",,,11.0,0.0,False,False,negative,0.00018285780970472842,0.9998171925544739
1.6046273532080333e+18,Sun Dec 18 23:59:08 +0000 2022,RT @danny_2928: @cryptoworld202 You should see $TOKO from the #Tokoin ecosystem of @Tokoinglobal A project where they also provide financia‚Ä¶,"<a href=""http://twitter.com/download/android"" rel=""nofollow"">Twitter for Android</a>",,,12.0,0.0,False,False,negative,7.9894625741872e-06,0.9999920129776001
1.604627352578818e+18,Sun Dec 18 23:59:08 +0000 2022,JUST IN: Elon Musk will probably accept #BTC and #Doge before stepping down as head of Twitter üôÉ,"<a href=""https://mobile.twitter.com"" rel=""nofollow"">Twitter Web App</a>",,,0.0,0.0,False,False,negative,0.027676668018102646,0.9723233580589294
1.6046273513457009e+18,Sun Dec 18 23:59:07 +0000 2022,@FNTdrip NO NO NO.... I remember when I was also confused just like you.  just lost your mind so sad I'm very sorry‚Ä¶ https://t.co/DXcXOVQxE5,"<a href=""http://twitter.com/download/android"" rel=""nofollow"">Twitter for Android</a>",,,0.0,0.0,False,False,negative,0.40753787755966187,0.5924621224403381
1.6046273491901112e+18,Sun Dec 18 23:59:07 +0000 2022,Levi Hodge Elijah Hill Rex Horace #btc #ÂΩ©Á•® #‰∏ñÁïåÊùØÁõ¥Êí≠ https://t.co/RjlRzr7x3i,"<a href=""https://mobile.twitter.com"" rel=""nofollow"">Twitter Web App</a>",,,0.0,0.0,False,False,positive,0.9999998807907104,7.844032978709947e-08
#2 ok, we all know it will happen, but it's goin‚Ä¶ https://t.co/cAEgE86C1s","<a href=""http://twitter.com/download/android"" rel=""nofollow"">Twitter for Android</a>",,,0.0,5.0,False,False,positive,1.0,6.260076484965182e-11
1.6046273212683387e+18,Sun Dec 18 23:59:00 +0000 2022,@KICKFLIPTRIPS @olvelez007 Why would you? POW in all its forms has trilemma issues that modern coins do not. Why no‚Ä¶ https://t.co/LmtAjzOtZN,"<a href=""http://twitter.com/download/android"" rel=""nofollow"">Twitter for Android</a>",,,0.0,0.0,False,False,negative,4.065661016738886e-07,0.9999996423721313
1.604627315459502e+18,Sun Dec 18 23:58:59 +0000 2022,Jonas Whyet Bing Carroll #ÂÖ≠ÂêàÂΩ© #btc #‰∏ñÁïåÊùØ‰π∞ÁêÉ https://t.co/QfaBDBVPqE,"<a href=""https://mobile.twitter.com"" rel=""nofollow"">Twitter Web App</a>",,,0.0,0.0,False,False,positive,0.9998944997787476,0.00010550077422522008
1.604627284681724e+18,Sun Dec 18 23:58:51 +0000 2022,Merry Austin Jenny Toby #btc #ÂΩ©Á•® #‰∏ñÁïåÊùØ‰∏ãÊ≥® https://t.co/FQQlHTBedW,"<a href=""https://mobile.twitter.com"" rel=""nofollow"">Twitter Web App</a>",,,0.0,0.0,False,False,positive,0.9999850988388062,1.485042866988806e-05
1.604627263399813e+18,Sun Dec 18 23:58:46 +0000 2022,Amy Eveline #btc #ÂπøÂ∑û Sharon Mackintosh #‰∏ñÁïåÊùØ https://t.co/fKCs5kg965,"<a href=""https://mobile.twitter.com"" rel=""nofollow"">Twitter Web App</a>",,,0.0,0.0,False,False,positive,1.0,1.486263369321339e-11
1.60462723033609e+18,Sun Dec 18 23:58:38 +0000 2022,Sidney Brooke Christian Juliet #ÂÖ≠ÂêàÂΩ© #btc #‰∏ñÁïåÊùØ‰π∞ÁêÉ https://t.co/BnbiJa15uE,"<a href=""https://mobile.twitter.com"" rel=""nofollow"">Twitter Web App</a>",,,0.0,0.0,False,False,positive,0.9999867677688599,1.3183034752728418e-05
1.6046271736247624e+18,Sun Dec 18 23:58:25 +0000 2022,@Cobratate Buy more BTC,"<a href=""http://twitter.com/download/iphone"" rel=""nofollow"">Twitter for iPhone</a>",,,0.0,0.0,False,False,positive,1.0,1.5363955767344617e-12
1.6046271701225021e+18,Sun Dec 18 23:58:24 +0000 2022,@JohnThomasTV @MMCrypto @elonmusk My BTC came as promised! thank you!,"<a href=""https://mobile.twitter.com"" rel=""nofollow"">Twitter Web App</a>",,,0.0,0.0,False,False,positive,1.0,1.905882029973327e-08
1.6046271618846966e+18,Sun Dec 18 23:58:22 +0000 2022,Wtf does Joe Burrow say to the team in the locker room at half time? We need him to talk to the $BTC devs fr fr.,"<a href=""http://twitter.com/download/iphone"" rel=""nofollow"">Twitter for iPhone</a>",,,1.0,16.0,False,False,positive,0.9894953370094299,0.010504622012376785
1.60462715616802e+18,Sun Dec 18 23:58:21 +0000 2022,Bitcoin‚Äôs price is slightly up at press time according to CoinMarketCap.The market leader‚Äôs price is trading below‚Ä¶ https://t.co/jTEnP5cALO,"<a href=""https://thecryptoverse.eu"" rel=""nofollow"">TheCryptoVerse</a>",,,0.0,0.0,False,False,negative,0.0008297021850012243,0.9991703033447266
1.6046271502710415e+18,Sun Dec 18 23:58:19 +0000 2022,Alma Rose Jared Wordsworth #ÂÖ≠ÂêàÂΩ© #btc #‰∏ñÁïåÊùØÊäïÊ≥® https://t.co/ZyGMhrjqG8,"<a href=""https://mobile.twitter.com"" rel=""nofollow"">Twitter Web App</a>",,,0.0,0.0,False,False,positive,0.9993993043899536,0.0006007279152981937
1.6046271446922895e+18,Sun Dec 18 23:58:18 +0000 2022,@JohnThomasTV @MMCrypto @elonmusk BTC thinking what the heck..and they send me 1!,"<a href=""https://mobile.twitter.com"" rel=""nofollow"">Twitter Web App</a>",,,0.0,0.0,False,False,positive,0.9999974966049194,2.5495796762697864e-06
1.6046271260110234e+18,Sun Dec 18 23:58:14 +0000 2022,https://t.co/QIa7sIH0vY register on #coinbase and get free 10$ #bonus #cryptocurrency  #bitcoin #metaverse‚Ä¶ https://t.co/JdgkkUTnzE,"<a href=""https://help.twitter.com/en/using-twitter/how-to-tweet#source-labels"" rel=""nofollow"">chainsnake</a>",,,5.0,5.0,False,False,positive,0.992095410823822,0.007904605939984322
Bitcoin price on Dec 11th, 2022 = $17,150","<a href=""https://mobile.twitter.com"" rel=""nofollow"">Twitter Web App</a>",,,1128.0,7747.0,False,False,positive,0.9068227410316467,0.09317723661661148
#altcoin, #cryptocurrency, #crypto","<a href=""https://mobile.twitter.com"" rel=""nofollow"">Twitter Web App</a>",,,0.0,0.0,False,False,positive,1.0,1.6531032098754395e-09
1.604626879365124e+18,Sun Dec 18 23:57:15 +0000 2022,RT @TheCryptoLark: What price will #bitcoin end the year at?,"<a href=""https://mobile.twitter.com"" rel=""nofollow"">Twitter Web App</a>",,,63.0,0.0,False,False,positive,0.896586537361145,0.1034134179353714
#altcoin, #cryptocurrency, #crypto","<a href=""https://mobile.twitter.com"" rel=""nofollow"">Twitter Web App</a>",,,0.0,0.0,False,False,positive,1.0,1.6531032098754395e-09
#altcoin, #cryptocurrency, #crypto","<a href=""https://mobile.twitter.com"" rel=""nofollow"">Twitter Web App</a>",,,0.0,1.0,False,False,positive,1.0,1.6531032098754395e-09
#altcoin, #cryptocurrency, #crypto","<a href=""https://mobile.twitter.com"" rel=""nofollow"">Twitter Web App</a>",,,0.0,2.0,False,False,positive,1.0,1.6531032098754395e-09
1.6046249801503212e+18,Sun Dec 18 23:49:42 +0000 2022,Current #Bitcoin Price is $16789 #BTC #Crypto,"<a href=""https://help.twitter.com/en/using-twitter/how-to-tweet#source-labels"" rel=""nofollow"">IAmBitcoinBot</a>",,,0.0,0.0,False,False,positive,0.9999998807907104,1.588441733701984e-07
#altcoin, #cryptocurrency, #crypto","<a href=""https://mobile.twitter.com"" rel=""nofollow"">Twitter Web App</a>",,,0.0,3.0,False,False,positive,1.0,1.6531032098754395e-09
1.6046237198878392e+18,Sun Dec 18 23:44:41 +0000 2022,Current #Bitcoin Price is $16792 #BTC #Crypto,"<a href=""https://help.twitter.com/en/using-twitter/how-to-tweet#source-labels"" rel=""nofollow"">IAmBitcoinBot</a>",,,0.0,1.0,False,False,positive,1.0,3.548946736486869e-08
#altcoin, #cryptocurrency, #crypto","<a href=""https://mobile.twitter.com"" rel=""nofollow"">Twitter Web App</a>",,,0.0,1.0,False,False,positive,1.0,1.6531032098754395e-09
#altcoin, #cryptocurrency, #crypto","<a href=""https://mobile.twitter.com"" rel=""nofollow"">Twitter Web App</a>",,,0.0,1.0,False,False,positive,1.0,1.6531032098754395e-09
1.604622666417283e+18,Sun Dec 18 23:40:30 +0000 2022,#BinanceCoin price update: $BNB  #BNB $249.48 USD  #Bitcoin 0.01487 BTC  #Ethereum 0.21048 ETH  #altcoin #crypto‚Ä¶ https://t.co/HOiLDXreFe,"<a href=""https://mobile.twitter.com"" rel=""nofollow"">Twitter Web App</a>",,,0.0,1.0,False,False,positive,0.9658135175704956,0.03418644145131111
1.6046224595666657e+18,Sun Dec 18 23:39:41 +0000 2022,Current #Bitcoin Price is $16793 #BTC #Crypto,"<a href=""https://help.twitter.com/en/using-twitter/how-to-tweet#source-labels"" rel=""nofollow"">IAmBitcoinBot</a>",,,0.0,0.0,False,False,positive,0.9999997615814209,2.2175520086875622e-07
1.6044261506665923e+18,Sun Dec 18 10:39:37 +0000 2022,@AltcoinPepe One major reason for not having confidence in trade is many people get to know about many more opposit‚Ä¶ https://t.co/gWXIovXiUQ,"<a href=""http://twitter.com/download/android"" rel=""nofollow"">Twitter for Android</a>",,,0.0,0.0,False,False,positive,0.9397521018981934,0.06024783477187157
1.6044250368021627e+18,Sun Dec 18 10:35:12 +0000 2022,@ezCoinAccess @Real_IanScott #Bitcoin wallet address transactions can be observed by anyone - Gov Dept can observe‚Ä¶ https://t.co/BMU6j6VprJ,"<a href=""https://mobile.twitter.com"" rel=""nofollow"">Twitter Web App</a>",,,0.0,2.0,False,False,positive,0.9999973773956299,2.5836386612354545e-06
1.604398189779583e+18,Sun Dec 18 08:48:31 +0000 2022,@prateek_bitcoin @dergigi @thomas_fahrer @dotkrueger @apollosats I've never seen a trader as perfect as @Austin_trc‚Ä¶ https://t.co/1suHkcVyOk,"<a href=""http://twitter.com/download/android"" rel=""nofollow"">Twitter for Android</a>",,,0.0,0.0,False,False,positive,0.9943974018096924,0.005602630320936441
1.6037108491427226e+18,Fri Dec 16 11:17:16 +0000 2022,Breaking news:  https://t.co/mNFIzDyXYH #BTC #Crypto #Binance #Altcoins #ADA #Sand #Doge #Luna #Coinbase #dogecoin‚Ä¶ https://t.co/rokwjoPoHo,"<a href=""https://help.twitter.com/en/using-twitter/how-to-tweet#source-labels"" rel=""nofollow"">Automate wordpress posts</a>",,,0.0,0.0,False,False,positive,0.999942421913147,5.757165854447521e-05
1.6036081139907625e+18,Fri Dec 16 04:29:02 +0000 2022,#BTCUSDT ‚Äì Clear View: BTCUSDT ‚Äì Clear View Bitcoin / TetherUS BINANCE:BTCUSDT hmaroudas Nice View of BTCUSDT ‚Äì It‚Ä¶ https://t.co/sCJ5SsvqEE,"<a href=""https://dlvrit.com/"" rel=""nofollow"">dlvr.it</a>",,,0.0,0.0,False,False,positive,1.0,3.277379756472243e-11
1.6036067413583708e+18,Fri Dec 16 04:23:35 +0000 2022,RT @bitcoinagile: BTC analyse last phase of Wyckoff? for BITFINEX:BTCUSD by Ertugrul27 #bitcoin #crypto #btc $btc https://t.co/3UojXifP5F h‚Ä¶,"<a href=""http://twitter.com/download/android"" rel=""nofollow"">Twitter for Android</a>",,,2.0,0.0,False,False,positive,0.9971548318862915,0.0028451192192733288
1.6036037592586363e+18,Fri Dec 16 04:11:44 +0000 2022,RT @cryptoclickio: üî• BTC analyse last phase of Wyckoff?‚ùì Check the post https://t.co/M4lfS8rNnq #bitcoin @tradingview #crypto $btc #btc,"<a href=""https://www.titter.com"" rel=""nofollow"">inskatestapp</a>",,,1.0,0.0,False,False,positive,0.9999254941940308,7.453597208950669e-05
1.6036026849966244e+18,Fri Dec 16 04:07:28 +0000 2022,BTC analyse last phase of Wyckoff? for BITFINEX:BTCUSD by Ertugrul27 #bitcoin #crypto #btc $btc‚Ä¶ https://t.co/txGzSXIL7k,"<a href=""http://bitcoinagile.com"" rel=""nofollow"">bitcoinagile</a>",,,2.0,1.0,False,False,positive,0.9849013686180115,0.015098616480827332
1.6036026461154427e+18,Fri Dec 16 04:07:18 +0000 2022,üî• BTC analyse last phase of Wyckoff?‚ùì Check the post https://t.co/M4lfS8rNnq #bitcoin @tradingview #crypto $btc #btc,"<a href=""https://www.make.com"" rel=""nofollow"">Make (formerly Integromat)</a>",,,1.0,0.0,False,False,positive,0.9999996423721313,3.399903789613745e-07
1.6035693623505183e+18,Fri Dec 16 01:55:03 +0000 2022,#BTC analyse last phase of Wyckoff?: BTC analyse last phase of Wyckoff? Bitcoin / Dollar BITFINEX:BTCUSD Ertugrul27‚Ä¶ https://t.co/V68rMxrMV2,"<a href=""https://dlvrit.com/"" rel=""nofollow"">dlvr.it</a>",,,0.0,1.0,False,False,negative,0.009416507557034492,0.9905835390090942
1.6033863326126326e+18,Thu Dec 15 13:47:45 +0000 2022,Breaking news:  https://t.co/CAV3l7ZUyf #BTC #Crypto #Binance #Altcoins #ADA #Sand #Doge #Luna #Coinbase #dogecoin‚Ä¶ https://t.co/vLedgaz4W0,"<a href=""https://help.twitter.com/en/using-twitter/how-to-tweet#source-labels"" rel=""nofollow"">Automate wordpress posts</a>",,,0.0,2.0,False,False,positive,0.9999940395355225,5.963596322544618e-06
1.6033332628766802e+18,Thu Dec 15 10:16:53 +0000 2022,RT @Il_Mars_: 1/ There is a lot of hype surrounding @LuganoPlanB. But what does #BITCOIN adoption look like in the city? I hit the roads of‚Ä¶,"<a href=""http://twitter.com/download/android"" rel=""nofollow"">Twitter for Android</a>",,,12.0,0.0,False,False,positive,0.9278717041015625,0.0721282884478569
1.6031937499321508e+18,Thu Dec 15 01:02:30 +0000 2022,Time to analyse the market! #Ethereum Vs #Bitcoin. #NFTs #HoDooi #HODArmy https://t.co/KgErwYLKVe,"<a href=""https://mobile.twitter.com"" rel=""nofollow"">Twitter Web App</a>",,,0.0,1.0,False,False,positive,0.9989128112792969,0.0010872093262150884
1.6030098015625134e+18,Wed Dec 14 12:51:33 +0000 2022,1/ There is a lot of hype surrounding @LuganoPlanB. But what does #BITCOIN adoption look like in the city? I hit th‚Ä¶ https://t.co/d5V9gDV9uq,"<a href=""https://mobile.twitter.com"" rel=""nofollow"">Twitter Web App</a>",,,12.0,50.0,False,False,positive,0.9893442392349243,0.010655757039785385
1.6030087946860954e+18,Wed Dec 14 12:47:33 +0000 2022,Breaking news:  https://t.co/OQeH1t28pS #BTC #Crypto #Binance #Altcoins #ADA #Sand #Doge #Luna #Coinbase #dogecoin‚Ä¶ https://t.co/7MfPdadKC0,"<a href=""https://help.twitter.com/en/using-twitter/how-to-tweet#source-labels"" rel=""nofollow"">Automate wordpress posts</a>",,,0.0,2.0,False,False,positive,0.9999997615814209,2.0662329802689783e-07
1.6026611009059553e+18,Tue Dec 13 13:45:57 +0000 2022,Breaking news:  https://t.co/2TdTQCb9WX #BTC #Crypto #Binance #Altcoins #ADA #Sand #Doge #Luna #Coinbase #dogecoin‚Ä¶ https://t.co/Afbeq2agRp,"<a href=""https://help.twitter.com/en/using-twitter/how-to-tweet#source-labels"" rel=""nofollow"">Automate wordpress posts</a>",,,0.0,3.0,False,False,positive,0.9999974966049194,2.466579189785989e-06
1.6026581392576717e+18,Tue Dec 13 13:34:11 +0000 2022,Bitcoin Live Analyse! https://t.co/yoocneMt1b,"<a href=""http://publicize.wp.com/"" rel=""nofollow"">Jetpack.com</a>",,,0.0,0.0,False,False,negative,0.06890276074409485,0.9310972690582275
1.602615586223276e+18,Tue Dec 13 10:45:05 +0000 2022,Breaking news:  https://t.co/zZj2HdaITy #BTC #Crypto #Binance #Altcoins #ADA #Sand #Doge #Luna #Coinbase #dogecoin‚Ä¶ https://t.co/Ur0XwHN3Aj,"<a href=""https://help.twitter.com/en/using-twitter/how-to-tweet#source-labels"" rel=""nofollow"">Automate wordpress posts</a>",,,0.0,4.0,False,False,positive,0.999984860420227,1.5120392163225915e-05
1.6025481971671409e+18,Tue Dec 13 06:17:18 +0000 2022,üî• 2022/12/13 12:16 ETH/USD analyse‚ùì Check the post https://t.co/YpvLXHoV2o #bitcoin @tradingview #crypto $btc #btc,"<a href=""https://www.make.com"" rel=""nofollow"">Make (formerly Integromat)</a>",,,0.0,0.0,False,False,positive,0.9999997615814209,1.9213509006021923e-07
