id,created_at,text,source,geo,place,retweet_count,favorite_count,favorited,retweeted
1.6016166411580498e+18,Sat Dec 10 16:35:38 +0000 2022,R.I.P #Bitcoin Rainbow Chart https://t.co/yh4PxtmYJr,"<a href=""https://mobile.twitter.com"" rel=""nofollow"">Twitter Web App</a>",,,704.0,3743.0,False,False
1.6026440423363052e+18,Tue Dec 13 12:38:10 +0000 2022,"One day this SBF/FTX mess will be a blip on the chart. 

#bitcoin https://t.co/HbSn1qgjxT","<a href=""http://twitter.com/download/iphone"" rel=""nofollow"">Twitter for iPhone</a>",,,112.0,767.0,False,False
1.602328009163563e+18,Mon Dec 12 15:42:21 +0000 2022,"BIG MOVES and VOLATILITY EXPECTED for Bitcoin Price Chart, Altcoin Market and Stocks with Catalysts

https://t.co/CvzBDVmT9N","<a href=""https://mobile.twitter.com"" rel=""nofollow"">Twitter Web App</a>",,,51.0,518.0,False,False
1.6028290360188682e+18,Wed Dec 14 00:53:15 +0000 2022,"$BTC has outperformed relative to altcoins on a week-on-week basis, in what appears to be a flight to safety.‚Ä¶ https://t.co/3TkWOxlvNe","<a href=""https://sproutsocial.com"" rel=""nofollow"">Sprout Social</a>",,,21.0,52.0,False,False
1.6042075701885256e+18,Sat Dec 17 20:11:04 +0000 2022,"0/10

This chart says 

""Bitcoin could be the world's first industry outside renewable energy generation to be net‚Ä¶ https://t.co/I67T2Bpc5s","<a href=""https://mobile.twitter.com"" rel=""nofollow"">Twitter Web App</a>",,,107.0,403.0,False,False
1.6037742914214339e+18,Fri Dec 16 15:29:22 +0000 2022,"Please all be aware that Bitcoin $BTC is developing the infamous ""three blind mice"" chart construction. https://t.co/YeZHaHiOev","<a href=""https://mobile.twitter.com"" rel=""nofollow"">Twitter Web App</a>",,,603.0,5081.0,False,False
1.6042650219990467e+18,Sat Dec 17 23:59:21 +0000 2022,"RT @DSBatten: 0/10

This chart says 

""Bitcoin could be the world's first industry outside renewable energy generation to be net emission r‚Ä¶","<a href=""http://twitter.com/download/iphone"" rel=""nofollow"">Twitter for iPhone</a>",,,107.0,0.0,False,False
1.6042649926095503e+18,Sat Dec 17 23:59:14 +0000 2022,ETHUSD Weakness.. alike the Crypto Market for COINBASE:ETHUSD by WillSebastian #bitcoin #crypto #btc $btc‚Ä¶ https://t.co/rpDqjhOSo7,"<a href=""http://bitcoinagile.com"" rel=""nofollow"">bitcoinagile</a>",,,0.0,1.0,False,False
1.6042648557664584e+18,Sat Dec 17 23:58:42 +0000 2022,"RT @CryptoTony__: $BTC.D / #Bitcoin Dominance - Update 

This chart paints a very clear picture as too why we are not going to see an #Altc‚Ä¶","<a href=""http://twitter.com/download/android"" rel=""nofollow"">Twitter for Android</a>",,,24.0,0.0,False,False
1.6042645043003924e+18,Sat Dec 17 23:57:18 +0000 2022,üî• ETHUSD Weakness.. (alike the Crypto Market)‚ùì Check the post https://t.co/O9iCSUt6gO #bitcoin @tradingview #crypto $btc #btc,"<a href=""https://www.make.com"" rel=""nofollow"">Make (formerly Integromat)</a>",,,0.0,0.0,False,False
1.6042642296994898e+18,Sat Dec 17 23:56:12 +0000 2022,"RT @JohalMiles: Bitcoin 1Y+Hodl wave update.

What does this chart suggest is probable:
-The bottom is in, if not very close.
-With a suffi‚Ä¶","<a href=""http://twitter.com/download/android"" rel=""nofollow"">Twitter for Android</a>",,,74.0,0.0,False,False
1.6042638609740186e+18,Sat Dec 17 23:54:44 +0000 2022,"RT @TATrader_Alan: #Bitcoin macro chart appears a very simple chart pattern.

&lt;Breakout and Retest (Falling wedge form)&gt;

#BTC #Cryptos htt‚Ä¶","<a href=""http://twitter.com/download/android"" rel=""nofollow"">Twitter for Android</a>",,,80.0,0.0,False,False
1.604262262466052e+18,Sat Dec 17 23:48:23 +0000 2022,"Fishtoken's chart started to rise in December with volume at the bottom. The time to buy is now‚ù£Ô∏è

Check the Fish p‚Ä¶ https://t.co/yhFVwm8SJp","<a href=""http://twitter.com/download/iphone"" rel=""nofollow"">Twitter for iPhone</a>",,,2.0,11.0,False,False
1.604261992214274e+18,Sat Dec 17 23:47:19 +0000 2022,üî• BCTUSDT Shorts‚ùì Check the post https://t.co/vO7qBQCIoi #bitcoin @tradingview #crypto $btc #btc,"<a href=""https://www.make.com"" rel=""nofollow"">Make (formerly Integromat)</a>",,,0.0,0.0,False,False
1.6042605459555246e+18,Sat Dec 17 23:41:34 +0000 2022,RT @MASTERBTCLTC: Pay attention to this chart. Litecoin transaction volume in dollars is catching up to Bitcoin and Bitcoin is in dire stra‚Ä¶,"<a href=""http://twitter.com/download/android"" rel=""nofollow"">Twitter for Android</a>",,,10.0,0.0,False,False
1.6042599008589824e+18,Sat Dec 17 23:39:00 +0000 2022,"üìâ CBBI: 4

üìâ #Bitcoin  price: $16,757

üìà Pi Cycle Top Indicator: 4%
üìâ RUPL/NUPL Chart: 9%
„Ä∞Ô∏èÔ∏è RHODL Ratio: 0%
„Ä∞Ô∏èÔ∏è P‚Ä¶ https://t.co/M24JBxTste","<a href=""https://mobile.twitter.com"" rel=""nofollow"">Twitter Web App</a>",,,0.0,0.0,False,False
1.6042596266477076e+18,Sat Dec 17 23:37:55 +0000 2022,A BUY STEP FOR POLKADOT  for KUCOIN:DOTUSDT by OmidBK2003 #bitcoin #crypto #btc $btc https://t.co/srr2MGELHa https://t.co/1cIfWgBbwC,"<a href=""http://bitcoinagile.com"" rel=""nofollow"">bitcoinagile</a>",,,0.0,3.0,False,False
1.6042594792892006e+18,Sat Dec 17 23:37:20 +0000 2022,üî• A BUY STEP FOR POLKADOT !!!‚ùì Check the post https://t.co/vtHzWZqFIR #bitcoin @tradingview #crypto $btc #btc,"<a href=""https://www.make.com"" rel=""nofollow"">Make (formerly Integromat)</a>",,,0.0,0.0,False,False
1.6042594582296003e+18,Sat Dec 17 23:37:15 +0000 2022,"PUMP : 1-Hour Chart (1x!) (NORMAL)
Coin    : #TKOUSDT
 
Entry   : 0.268
R1        : 0.284 (% 5.6)
R2       : 0.303‚Ä¶ https://t.co/WAVJ71Geni","<a href=""https://twitter.com/home"" rel=""nofollow"">BinanceTW</a>",,,1.0,0.0,False,False
1.6042579093317468e+18,Sat Dec 17 23:31:05 +0000 2022,Thoughts on $BTC #Bitcoin! See Baharmostofi's idea on TradingView below. https://t.co/9DVcotltrA,"<a href=""https://help.twitter.com/en/using-twitter/how-to-tweet#source-labels"" rel=""nofollow"">CryptoCharts Feed</a>",,,0.0,0.0,False,False
1.604257245831e+18,Sat Dec 17 23:28:27 +0000 2022,"RT @PeterLBrandt: Please all be aware that Bitcoin $BTC is developing the infamous ""three blind mice"" chart construction. https://t.co/YeZH‚Ä¶","<a href=""http://twitter.com/download/iphone"" rel=""nofollow"">Twitter for iPhone</a>",,,603.0,0.0,False,False
1.6042570320051978e+18,Sat Dec 17 23:27:36 +0000 2022,BTC broke down the RSI Support for BINANCE:BTCUSDT by bOnchain #bitcoin #crypto #btc $btc https://t.co/nQzwj8p2z3 https://t.co/huwJyZcn1t,"<a href=""http://bitcoinagile.com"" rel=""nofollow"">bitcoinagile</a>",,,0.0,1.0,False,False
1.6042569935056773e+18,Sat Dec 17 23:27:27 +0000 2022,"RT @HolePleb: @BTCnHODL Lesson from this cycle. Whatever your ape-in amount is, consider only 1/4 or 1/3 for an immediate buy and 12 mo. DC‚Ä¶","<a href=""https://mobile.twitter.com"" rel=""nofollow"">Twitter Web App</a>",,,2.0,0.0,False,False
1.6042569563189821e+18,Sat Dec 17 23:27:18 +0000 2022,üî• BTC broke down the RSI Support‚ùì Check the post https://t.co/sddnQhMJrr #bitcoin @tradingview #crypto $btc #btc,"<a href=""https://www.make.com"" rel=""nofollow"">Make (formerly Integromat)</a>",,,0.0,1.0,False,False
1.6042562628706877e+18,Sat Dec 17 23:24:33 +0000 2022,"Another graph for the $BTC intraday traders!

Chart data is kept in dictionaries on class startup! We also use it t‚Ä¶ https://t.co/AUyuY88bts","<a href=""https://parcae.io"" rel=""nofollow"">ParcaeBot</a>",,,0.0,0.0,False,False
1.6042561646988206e+18,Sat Dec 17 23:24:09 +0000 2022,Top Crypto Analyst Forecasts Big Move for Binance Coin (BNB) on Bitcoin (BTC) Chart #binance #bnb https://t.co/9ZNHk5mAvo,"<a href=""https://ifttt.com"" rel=""nofollow"">IFTTT</a>",,,1.0,5.0,False,False
1.6042550080104407e+18,Sat Dec 17 23:19:34 +0000 2022,THE DAILY HODL: Top Crypto Analyst Forecasts Big Move for Binance Coin (BNB) on Bitcoin (BTC) Chart ‚Äì Here‚Äôs the Ou‚Ä¶ https://t.co/bMs0AS6n88,"<a href=""https://dlvrit.com/"" rel=""nofollow"">dlvr.it</a>",,,0.0,1.0,False,False
1.60425467481054e+18,Sat Dec 17 23:18:14 +0000 2022,Top Crypto Analyst Forecasts Big Move for Binance Coin (BNB) on Bitcoin (BTC) Chart ‚Äì Here‚Äôs the¬†Outlook https://t.co/roye4NVxiZ,"<a href=""http://publicize.wp.com/"" rel=""nofollow"">Jetpack.com</a>",,,0.0,1.0,False,False
1.6042544381972808e+18,Sat Dec 17 23:17:18 +0000 2022,üî• BTC in descending channel‚ùì Check the post https://t.co/njo9xfceVR #bitcoin @tradingview #crypto $btc #btc,"<a href=""https://www.make.com"" rel=""nofollow"">Make (formerly Integromat)</a>",,,0.0,2.0,False,False
1.6042535722579558e+18,Sat Dec 17 23:13:51 +0000 2022,"RT @XForceGlobal: $BTC
CME + RSI Analysis

Bulls are going to love this. Many people are disregarding gaps via the CME chart. We have a not‚Ä¶","<a href=""http://twitter.com/download/iphone"" rel=""nofollow"">Twitter for iPhone</a>",,,6.0,0.0,False,False
1.6042531035655537e+18,Sat Dec 17 23:12:00 +0000 2022,"Top Crypto Analyst Forecasts Big Move for Binance Coin (BNB) on Bitcoin (BTC) Chart ‚Äì Here‚Äôs the Outlook
https://t.co/ej2VyHf7Wq","<a href=""http://twitter.com/download/android"" rel=""nofollow"">Twitter for Android</a>",,,0.0,0.0,False,False
1.6042519562052936e+18,Sat Dec 17 23:07:26 +0000 2022,BTC broke down the RSI Support for BITSTAMP:BTCUSD by bOnchain #bitcoin #crypto #btc $btc https://t.co/iWAAm9RLFT https://t.co/vpbbUfgyuK,"<a href=""http://bitcoinagile.com"" rel=""nofollow"">bitcoinagile</a>",,,0.0,0.0,False,False
1.6042519288205885e+18,Sat Dec 17 23:07:20 +0000 2022,üî• BTC broke down the RSI Support‚ùì Check the post https://t.co/llOFGPXB6I #bitcoin @tradingview #crypto $btc #btc,"<a href=""https://www.make.com"" rel=""nofollow"">Make (formerly Integromat)</a>",,,0.0,0.0,False,False
1.6042516981968937e+18,Sat Dec 17 23:06:25 +0000 2022,Huge BTCUSDT Falling Wedge for BINANCE #Trading #bitcoin via https://t.co/yNOfVDx5DP https://t.co/hpPTwaL5X3,"<a href=""http://twinybots.com"" rel=""nofollow"">TwinyBots</a>",,,0.0,0.0,False,False
1.6042515910867845e+18,Sat Dec 17 23:05:59 +0000 2022,Instead of watching movies i watch live #Bitcoin chart. This is more exciting than any action movie üôÉ,"<a href=""https://mobile.twitter.com"" rel=""nofollow"">Twitter Web App</a>",,,0.0,3.0,False,False
1.6042506259985613e+18,Sat Dec 17 23:02:09 +0000 2022,"PUMP : 1-Hour Chart (1x!) (NORMAL)
Coin    : #PLAUSDT
 
Entry   : 0.168
R1        : 0.181 (% 7.2)
R2       : 0.193‚Ä¶ https://t.co/PQheFadoUB","<a href=""https://twitter.com/home"" rel=""nofollow"">BinanceTW</a>",,,0.0,0.0,False,False
1.604249441539707e+18,Sat Dec 17 22:57:27 +0000 2022,SPOT OPPORTUNITY ON LTC  for KUCOIN:LTCUSDT by OmidBK2003 #bitcoin #crypto #btc $btc https://t.co/x4iIgvkRGI https://t.co/vbyJiQlcEF,"<a href=""http://bitcoinagile.com"" rel=""nofollow"">bitcoinagile</a>",,,0.0,0.0,False,False
1.604249411776807e+18,Sat Dec 17 22:57:19 +0000 2022,üî• SPOT OPPORTUNITY ON LTC !!!‚ùì Check the post https://t.co/vNHocr6dr6 #bitcoin @tradingview #crypto $btc #btc,"<a href=""https://www.make.com"" rel=""nofollow"">Make (formerly Integromat)</a>",,,0.0,0.0,False,False
1.6042493525367562e+18,Sat Dec 17 22:57:05 +0000 2022,#fibonacci and the universe: fibonacci and the universe Bitcoin / United States Dollar COINBASE:BTCUSD thecryer ‚Äì S‚Ä¶ https://t.co/3tII8Eusrq,"<a href=""https://dlvrit.com/"" rel=""nofollow"">dlvr.it</a>",,,0.0,0.0,False,False
1.60424817328282e+18,Sat Dec 17 22:52:24 +0000 2022,Pay attention to this chart. Litecoin transaction volume in dollars is catching up to Bitcoin and Bitcoin is in dir‚Ä¶ https://t.co/9eoAh1I7Vf,"<a href=""https://mobile.twitter.com"" rel=""nofollow"">Twitter Web App</a>",,,10.0,51.0,False,False
1.6042476301877453e+18,Sat Dec 17 22:50:15 +0000 2022,Top Crypto Analyst Forecasts Big Move for Binance Coin (BNB) on Bitcoin (BTC) Chart ‚Äì Here‚Äôs the Outlook‚Ä¶ https://t.co/UAznP0IuZx,"<a href=""https://dlvrit.com/"" rel=""nofollow"">dlvr.it</a>",,,0.0,0.0,False,False
1.6042469191103283e+18,Sat Dec 17 22:47:25 +0000 2022,BTCUSDT - Bearish Gartley - Correlation to USD INDEX  for BINANCE:BTCUSDT by hmaroudas #bitcoin #crypto #btc $btc‚Ä¶ https://t.co/nOSYJHTcgq,"<a href=""http://bitcoinagile.com"" rel=""nofollow"">bitcoinagile</a>",,,0.0,0.0,False,False
1.604246891713151e+18,Sat Dec 17 22:47:19 +0000 2022,üî• BTCUSDT - Bearish Gartley - Correlation to USD INDEX‚ùì Check the post https://t.co/ygxVWxNBTt #bitcoin @tradingview #crypto $btc #btc,"<a href=""https://www.make.com"" rel=""nofollow"">Make (formerly Integromat)</a>",,,0.0,1.0,False,False
1.6042466473656812e+18,Sat Dec 17 22:46:20 +0000 2022,"Big bullish throwback on $DXY on the monthly chart testing a 7.5 years long rectangle upper range.

This aligns wit‚Ä¶ https://t.co/x8vZDdzo5O","<a href=""https://mobile.twitter.com"" rel=""nofollow"">Twitter Web App</a>",,,0.0,0.0,False,False
1.6042462090275348e+18,Sat Dec 17 22:44:36 +0000 2022,"RT @seth_fin: üíµüíµüíµüíµ
#Bitcoin 4h chart showing possible long positions here with tight stoploss.

#BTC 

Same for sp500. Cautious long here.‚Ä¶","<a href=""https://mobile.twitter.com"" rel=""nofollow"">Twitter Web App</a>",,,9.0,0.0,False,False
1.6042444567897088e+18,Sat Dec 17 22:37:38 +0000 2022,ETHUSDT-Positive After Reverse Head&amp;Shoulders - Into Resistance for BINANCE:ETHUSDT by hmaroudas #bitcoin‚Ä¶ https://t.co/L8rZwW51Ri,"<a href=""http://bitcoinagile.com"" rel=""nofollow"">bitcoinagile</a>",,,0.0,0.0,False,False
1.6042443774586757e+18,Sat Dec 17 22:37:19 +0000 2022,üî• ETHUSDT-Positive After Reverse Head&amp;Shoulders - Into Resistance‚ùì Check the post https://t.co/Hk0NsX4SQ3 #bitcoin‚Ä¶ https://t.co/njvsxY1afe,"<a href=""https://www.make.com"" rel=""nofollow"">Make (formerly Integromat)</a>",,,0.0,0.0,False,False
1.6042430362209157e+18,Sat Dec 17 22:31:59 +0000 2022,"RT @Aegiscalls: big things happening at

https://t.co/KZM4ETh74S

bullish chart and bullish communityüî•üöÄ

#Bitcoin #Ethereum #eth #gem #1000x","<a href=""http://twitter.com/download/iphone"" rel=""nofollow"">Twitter for iPhone</a>",,,4.0,0.0,False,False
1.6042428370501222e+18,Sat Dec 17 22:31:12 +0000 2022,This support looks legit for BITSTAMP:BTCUSD by Finnovin #Bitcoin $BTC https://t.co/vo1Qc30b97 https://t.co/3LMrpiNGPn,"<a href=""http://bitcoinagile.com"" rel=""nofollow"">bitcoinagile</a>",,,0.0,1.0,False,False
1.6042428114732483e+18,Sat Dec 17 22:31:06 +0000 2022,Thoughts on $BTC #Bitcoin! See Finnovin's idea on TradingView below. https://t.co/X61DgcTQPy,"<a href=""https://help.twitter.com/en/using-twitter/how-to-tweet#source-labels"" rel=""nofollow"">CryptoCharts Feed</a>",,,0.0,0.0,False,False
1.6042425921573683e+18,Sat Dec 17 22:30:14 +0000 2022,RT @bitcoinagile: Huge BTCUSDT Falling Wedge for BINANCE:BTCUSDT by Traders_Endeavors #Bitcoin $BTC https://t.co/tCXTZLIHcQ https://t.co/Zu‚Ä¶,"<a href=""http://twinybots.com"" rel=""nofollow"">TwinyBots</a>",,,2.0,0.0,False,False
1.6042418879714017e+18,Sat Dec 17 22:27:26 +0000 2022,COMPUSDT Initial Long - Oversold for BINANCE:COMPUSDT by unknownpower #bitcoin #crypto #btc $btc‚Ä¶ https://t.co/oj2q3G5MXF,"<a href=""http://bitcoinagile.com"" rel=""nofollow"">bitcoinagile</a>",,,0.0,1.0,False,False
1.6042418600290304e+18,Sat Dec 17 22:27:19 +0000 2022,üî• COMPUSDT Initial Long - Oversold‚ùì Check the post https://t.co/S5S2dySe9S #bitcoin @tradingview #crypto $btc #btc,"<a href=""https://www.make.com"" rel=""nofollow"">Make (formerly Integromat)</a>",,,0.0,0.0,False,False
1.6042400175216148e+18,Sat Dec 17 22:20:00 +0000 2022,Top Crypto Analyst Forecasts Big Move for Binance Coin (BNB) on Bitcoin (BTC) Chart ‚Äì Here‚Äôs the Outlook - The Dail‚Ä¶ https://t.co/MuhwydROAq,"<a href=""http://twitter.com/download/iphone"" rel=""nofollow"">Twitter for iPhone</a>",,,0.0,0.0,False,False
1.6042393661000294e+18,Sat Dec 17 22:17:24 +0000 2022,BTC for BINANCE:BTCUSDT by BlueWhale90 #bitcoin #crypto #btc $btc https://t.co/w4nIuCx871 https://t.co/1ZgwiNyXvQ,"<a href=""http://bitcoinagile.com"" rel=""nofollow"">bitcoinagile</a>",,,0.0,1.0,False,False
1.604239338807722e+18,Sat Dec 17 22:17:18 +0000 2022,üî• BTC‚ùì Check the post https://t.co/6dI3XQ40rV #bitcoin @tradingview #crypto $btc #btc,"<a href=""https://www.make.com"" rel=""nofollow"">Make (formerly Integromat)</a>",,,0.0,0.0,False,False
1.6042390638753096e+18,Sat Dec 17 22:16:12 +0000 2022,BTC VS A1000x true reversal point  for BINANCE:BTCUSDT by Aadil1000x #Bitcoin $BTC https://t.co/w2wLCTVV5s https://t.co/fl2X0hJcjx,"<a href=""http://bitcoinagile.com"" rel=""nofollow"">bitcoinagile</a>",,,0.0,0.0,False,False
1.6042390364736758e+18,Sat Dec 17 22:16:06 +0000 2022,Thoughts on $BTC #Bitcoin! See Aadil1000x's idea on TradingView below. https://t.co/snMcvoxUON,"<a href=""https://help.twitter.com/en/using-twitter/how-to-tweet#source-labels"" rel=""nofollow"">CryptoCharts Feed</a>",,,0.0,0.0,False,False
1.604238683770458e+18,Sat Dec 17 22:14:42 +0000 2022,"RT @PositiveCrypto: NUPL (Net Unrealized Profit Loss)

How much longer will #Bitcoin spend in Capitulation territory?

Free live chart: htt‚Ä¶","<a href=""http://twitter.com/download/android"" rel=""nofollow"">Twitter for Android</a>",,,17.0,0.0,False,False
1.6042379014786253e+18,Sat Dec 17 22:11:35 +0000 2022,Top Crypto Analyst Forecasts Big Move for Binance Coin (BNB) on Bitcoin (BTC) Chart ‚Äì Here‚Äôs the Outlook https://t.co/G9k5zlV9kY,"<a href=""https://dlvrit.com/"" rel=""nofollow"">dlvr.it</a>",,,0.0,0.0,False,False
1.604237703255675e+18,Sat Dec 17 22:10:48 +0000 2022,Top Crypto Analyst Forecasts Big Move for Binance Coin (BNB) on Bitcoin (BTC) Chart ‚Äì Here‚Äôs the¬†Outlook https://t.co/heoAviB7gg,"<a href=""http://publicize.wp.com/"" rel=""nofollow"">Jetpack.com</a>",,,0.0,0.0,False,False
1.6042368223511716e+18,Sat Dec 17 22:07:18 +0000 2022,üî• btcusdt‚ùì Check the post https://t.co/hpnovj7QFi #bitcoin @tradingview #crypto $btc #btc,"<a href=""https://www.make.com"" rel=""nofollow"">Make (formerly Integromat)</a>",,,0.0,0.0,False,False
1.6042363235938058e+18,Sat Dec 17 22:05:19 +0000 2022,RT @bitcoinagile: BTC/USDT: Downside Continuation? for COINBASE:BTCUSD by marcyacoub #Bitcoin https://t.co/MwvapDC8wD https://t.co/XLaaUAJv‚Ä¶,"<a href=""https://mobile.twitter.com"" rel=""nofollow"">Twitter Web App</a>",,,1.0,0.0,False,False
1.6042362107628175e+18,Sat Dec 17 22:04:52 +0000 2022,BTC/USDT: Downside Continuation? for COINBASE:BTCUSD by marcyacoub #Bitcoin https://t.co/MwvapDC8wD https://t.co/XLaaUAJvKs,"<a href=""http://bitcoinagile.com"" rel=""nofollow"">bitcoinagile</a>",,,1.0,0.0,False,False
1.604235345234731e+18,Sat Dec 17 22:01:26 +0000 2022,"Popular analyst Jason Pizzino says Binance Coin (BNB), the utility token of the world‚Äôs largest crypto exchange, is‚Ä¶ https://t.co/ZlDzfZc4A8","<a href=""https://webnow.company"" rel=""nofollow"">webnowcompany</a>",,,0.0,0.0,False,False
1.6042353050490962e+18,Sat Dec 17 22:01:16 +0000 2022,Huge BTCUSDT Falling Wedge for BINANCE:BTCUSDT by Traders_Endeavors #Bitcoin $BTC https://t.co/tCXTZLIHcQ https://t.co/Zu5D8XRYTT,"<a href=""http://bitcoinagile.com"" rel=""nofollow"">bitcoinagile</a>",,,2.0,3.0,False,False
1.6042352652617277e+18,Sat Dec 17 22:01:07 +0000 2022,Thoughts on $BTC #Bitcoin! See Traders_Endeavors's idea on TradingView below. https://t.co/EF0AeiKr8B,"<a href=""https://help.twitter.com/en/using-twitter/how-to-tweet#source-labels"" rel=""nofollow"">CryptoCharts Feed</a>",,,0.0,0.0,False,False
1.6046273678629683e+18,Sun Dec 18 23:59:11 +0000 2022,"I take a sip every time I see a red candle on the bitcoin chart!

I've been drunk for six months now.. üòÖ https://t.co/dfGwKcoXt0","<a href=""https://mobile.twitter.com"" rel=""nofollow"">Twitter Web App</a>",,,3.0,17.0,False,False
1.604627255455617e+18,Sun Dec 18 23:58:44 +0000 2022,"https://t.co/1ugD5kM56C Pseudonymous analyst Smart Contracter tells his 216,900 Twitter followers that he thinks th‚Ä¶ https://t.co/jUY0c8L23L","<a href=""https://mobile.twitter.com"" rel=""nofollow"">Twitter Web App</a>",,,0.0,0.0,False,False
1.6046272142087537e+18,Sun Dec 18 23:58:35 +0000 2022,"RT @TATrader_Alan: #Bitcoin bimonthly Heikin Ashi demonstrates 6 consecutive red candles to complete the bear market.

After the 6th candle‚Ä¶","<a href=""https://mobile.twitter.com"" rel=""nofollow"">Twitter Web App</a>",,,268.0,0.0,False,False
1.6046271753276006e+18,Sun Dec 18 23:58:25 +0000 2022,"An analyst who nailed Bitcoin‚Äôs (BTC) 2018 bottom is predicting an epic collapse for Binance Coin (BNB), the utilit‚Ä¶ https://t.co/uWftRNBYKJ","<a href=""https://mobile.twitter.com"" rel=""nofollow"">Twitter Web App</a>",,,0.0,1.0,False,False
1.6046268977653842e+18,Sun Dec 18 23:57:19 +0000 2022,üî• VIDTUSDT‚ùì Check the post https://t.co/oH6EglzK85 #bitcoin @tradingview #crypto $btc #btc,"<a href=""https://www.make.com"" rel=""nofollow"">Make (formerly Integromat)</a>",,,0.0,0.0,False,False
1.6046270982992568e+18,Sun Dec 18 23:58:07 +0000 2022,"Woof! SHIB becomes one of the most watched crypto assets in @binance during 2022, next to Bitcoin and Ethereum. https://t.co/88wkeM0Nuv","<a href=""https://about.twitter.com/products/tweetdeck"" rel=""nofollow"">TweetDeck</a>",,,1906.0,6868.0,False,False
1.6045878996551844e+18,Sun Dec 18 21:22:21 +0000 2022,"#Bitcoin will fix the Federal Reserve
- @saylor https://t.co/aJ8IQeNhix","<a href=""http://twitter.com/download/iphone"" rel=""nofollow"">Twitter for iPhone</a>",,,653.0,2214.0,False,False
1.6045781686853386e+18,Sun Dec 18 20:43:41 +0000 2022,JUST IN: üá≥üá¨ Nigeria to pass bill legalizing #Bitcoin and crypto - Local Newspaper üôå,"<a href=""https://mobile.twitter.com"" rel=""nofollow"">Twitter Web App</a>",,,837.0,4344.0,False,False
1.6045974961179238e+18,Sun Dec 18 22:00:29 +0000 2022,"üì¢Hey #Bitcoin miners! Get a load of the long-term vision from @Coredao_Org! 
There could be some great incentives l‚Ä¶ https://t.co/BfafiP8FJ2","<a href=""http://meetedgar.com"" rel=""nofollow"">MeetEdgar</a>",,,368.0,931.0,False,False
1.6044726394684908e+18,Sun Dec 18 13:44:21 +0000 2022,Believe in #Bitcoin. https://t.co/5PYy4V5FNJ,"<a href=""https://mobile.twitter.com"" rel=""nofollow"">Twitter Web App</a>",,,1927.0,14678.0,False,False
1.6045192773436867e+18,Sun Dec 18 16:49:40 +0000 2022,"Why are people so oblivious to the fact that you ACTUALLY OWN #BITCOIN, everything else can be taken from you. https://t.co/dpM68ZCFMw","<a href=""http://twitter.com/download/iphone"" rel=""nofollow"">Twitter for iPhone</a>",,,311.0,1082.0,False,False
1.6046076490053059e+18,Sun Dec 18 22:40:50 +0000 2022,"dm me your PayPal, cashapp, bitcoin wallet, Gcash , bep20 or any payment preference, so when I‚Äôm sending you money‚Ä¶ https://t.co/yEHQQQtO9a","<a href=""http://twitter.com/download/iphone"" rel=""nofollow"">Twitter for iPhone</a>",,,263.0,924.0,False,False
1.6045256624082534e+18,Sun Dec 18 17:15:03 +0000 2022,"Drop your #Bitcoin or #BNB address below and make sure you are following me.

Dont ask why!","<a href=""https://twittimer.com"" rel=""nofollow"">Twittimer</a>",,,164.0,410.0,False,False
1.6045075107774628e+18,Sun Dec 18 16:02:55 +0000 2022,BREAKING: Legendary rapper Drake bet $1 MILLION #Bitcoin on World Cup Final ü§Ø https://t.co/SZUnuKFEBp,"<a href=""https://mobile.twitter.com"" rel=""nofollow"">Twitter Web App</a>",,,392.0,2824.0,False,False
1.6045522535951729e+18,Sun Dec 18 19:00:43 +0000 2022,"Take a look at the long term vision @Coredao_Org  has in mind for #Bitcoin miners in our article below üëá 

#BTC‚Ä¶ https://t.co/hYpI5uAIrY","<a href=""http://meetedgar.com"" rel=""nofollow"">MeetEdgar</a>",,,258.0,736.0,False,False
1.6045535851482726e+18,Sun Dec 18 19:06:00 +0000 2022,When someone asks me if I own #Bitcoin or #Ethereum and I own both: https://t.co/qbJTMylEIZ,"<a href=""https://publer.io"" rel=""nofollow"">Publer.io</a>",,,110.0,698.0,False,False
1.6046275687698964e+18,Sun Dec 18 23:59:59 +0000 2022,"RT @Shibtoken: Woof! SHIB becomes one of the most watched crypto assets in @binance during 2022, next to Bitcoin and Ethereum.","<a href=""https://mobile.twitter.com"" rel=""nofollow"">Twitter Web App</a>",,,1910.0,0.0,False,False
1.6046275662324695e+18,Sun Dec 18 23:59:58 +0000 2022,"@Shibtoken @binance This current #bitcoin  support at $15,700 looks strong. If we break this we‚Äôll def see $13,000‚Ä¶ https://t.co/faoxvHuwIV","<a href=""http://twitter.com/download/iphone"" rel=""nofollow"">Twitter for iPhone</a>",,,0.0,0.0,False,False
1.6046275601971487e+18,Sun Dec 18 23:59:57 +0000 2022,"I‚Äôve been playing around with Nostr, the no-cost decentralized P2P social network. It looks extremely promising. It‚Ä¶ https://t.co/GtHKX6MDSW","<a href=""http://twitter.com/download/iphone"" rel=""nofollow"">Twitter for iPhone</a>",,,0.0,1.0,False,False
1.6046275599200584e+18,Sun Dec 18 23:59:57 +0000 2022,RT @saylor: Believe in #Bitcoin. https://t.co/5PYy4V5FNJ,"<a href=""http://twitter.com/download/android"" rel=""nofollow"">Twitter for Android</a>",,,1930.0,0.0,False,False
1.6046275588589978e+18,Sun Dec 18 23:59:57 +0000 2022,Maintaining your wealth under a fiat standard.  #Bitcoin https://t.co/WJf7mGjh5N,"<a href=""http://twitter.com/download/iphone"" rel=""nofollow"">Twitter for iPhone</a>",,,0.0,0.0,False,False
1.6046275523326444e+18,Sun Dec 18 23:59:55 +0000 2022,"RT @bit_castle: DAY14

üíôüîÅFollow RT CampaignüíôüîÅ
Ôºè
üéÅ$100 BTC for lucky winner‚Äº
Ôºº

‚úÖFollow us
üîÅRT this post

2 more days!
Get bitcoin by lotter‚Ä¶","<a href=""http://twitter.com/download/iphone"" rel=""nofollow"">Twitter for iPhone</a>",,,1002.0,0.0,False,False
1.6046275509484052e+18,Sun Dec 18 23:59:55 +0000 2022,@100trillionUSD Except if you mean Bitcoin is BTC then we are talking more than 19m BTC,"<a href=""http://twitter.com/download/android"" rel=""nofollow"">Twitter for Android</a>",,,0.0,0.0,False,False
1.604627548331131e+18,Sun Dec 18 23:59:54 +0000 2022,"RT @kinkyshi222: Drop your Cashapp, PayPal, Venmo or Bitcoin? I will send 10 random people $7500 each today","<a href=""http://twitter.com/download/android"" rel=""nofollow"">Twitter for Android</a>",,,2.0,0.0,False,False
1.6046275468213002e+18,Sun Dec 18 23:59:54 +0000 2022,"@elonmusk Your Facebook is disabled or hacked???
I recover all disabled accounts like 
#instagram
#Facebook
#gmail‚Ä¶ https://t.co/O66mMM9FBv","<a href=""http://twitter.com/download/android"" rel=""nofollow"">Twitter for Android</a>",,,0.0,0.0,False,False
1.6046275454665728e+18,Sun Dec 18 23:59:54 +0000 2022,"@elonmusk The more people wake up to the reality that everything is designed to keep you down, the faster #Bitcoin‚Ä¶ https://t.co/VKNHLhENNr","<a href=""http://twitter.com/download/iphone"" rel=""nofollow"">Twitter for iPhone</a>",,,0.0,0.0,False,False
1.604627544032088e+18,Sun Dec 18 23:59:53 +0000 2022,KARMATOKEN (KTN) went up 8.9 percent in the last 1 minutes on https://t.co/rgEAV9gIXu. #KTN  #crypto #bitcoin‚Ä¶ https://t.co/ojtqpazHeW,"<a href=""http://www.powerapps.com"" rel=""nofollow"">Microsoft Power Platform</a>",,,0.0,0.0,False,False
1.6046275417587753e+18,Sun Dec 18 23:59:53 +0000 2022,JulSwap (JULD) went up 10.9 percent in the last 1 minutes on https://t.co/rgEAV9gIXu. #JULD  #crypto #bitcoin‚Ä¶ https://t.co/Kp4ExuyQMy,"<a href=""http://www.powerapps.com"" rel=""nofollow"">Microsoft Power Platform</a>",,,0.0,0.0,False,False
1.6046275301656003e+18,Sun Dec 18 23:59:50 +0000 2022,"RT @BittrexGlobal: It's day 7! We're giving away $4,000 worth of $BTC to our lucky winners.
Enter now at: https://t.co/Tlat1xNJzg

üéÅ Provid‚Ä¶","<a href=""http://twitter.com/download/iphone"" rel=""nofollow"">Twitter for iPhone</a>",,,219.0,0.0,False,False
1.6046275169997087e+18,Sun Dec 18 23:59:47 +0000 2022,"RT @AirdropStario: üíß ALTAVA Airdrop üíß

üèÜ Task:          ‚ûï  $5 worth of TAVA for 200 random participants each.

üë®‚Äçüë©‚Äçüëß Referral:   ‚ûï  1000 US‚Ä¶","<a href=""http://twitter.com/download/android"" rel=""nofollow"">Twitter for Android</a>",,,1748.0,0.0,False,False
1.6046275123356877e+18,Sun Dec 18 23:59:46 +0000 2022,RT @cryptomanran: No way! @elonmusk and Jared Kushner! https://t.co/GuDWcm1mE0,"<a href=""https://mobile.twitter.com"" rel=""nofollow"">Twitter Web App</a>",,,838.0,0.0,False,False
1.604627511446569e+18,Sun Dec 18 23:59:45 +0000 2022,RT @IoT_CloudWork3r: #Bitcoin¬† is better than gold https://t.co/1m7yffwTHS,"<a href=""http://twitter.com/download/android"" rel=""nofollow"">Twitter for Android</a>",,,103.0,0.0,False,False
1.6046275080785592e+18,Sun Dec 18 23:59:45 +0000 2022,RT @DocumentingBTC: 25% of Argentina's internet users own #bitcoin or crypto! üá¶üá∑,"<a href=""http://twitter.com/download/iphone"" rel=""nofollow"">Twitter for iPhone</a>",,,116.0,0.0,False,False
1.604627486368596e+18,Sun Dec 18 23:59:39 +0000 2022,New FTX CEO Told Members of Congress SBF's Family 'Certainly Received Payments' From the Business ‚Äì Bitcoin News https://t.co/j6YGuRiXBr,"<a href=""http://twitter.com/download/iphone"" rel=""nofollow"">Twitter for iPhone</a>",,,0.0,0.0,False,False
1.6046274852782244e+18,Sun Dec 18 23:59:39 +0000 2022,"@Shibtoken @binance The more people wake up to the reality that everything is designed to keep you down, the faster‚Ä¶ https://t.co/gyYRfywIJw","<a href=""http://twitter.com/download/iphone"" rel=""nofollow"">Twitter for iPhone</a>",,,0.0,0.0,False,False
1.6046274786009784e+18,Sun Dec 18 23:59:38 +0000 2022,Bitcoin price index https://t.co/o7UcHJUhC6 #USD #EUR #CNY #GBP #RUB https://t.co/XI8giMfXTh,"<a href=""http://www.worldcoinindex.com"" rel=""nofollow"">WCI Trending</a>",,,0.0,0.0,False,False
1.6046274719067218e+18,Sun Dec 18 23:59:36 +0000 2022,"@_pretyflaco @skwp I've experienced several examples of merchants only accepting lightning or ""I need to go get the‚Ä¶ https://t.co/1ulXWrqCZl","<a href=""http://twitter.com/download/android"" rel=""nofollow"">Twitter for Android</a>",,,0.0,6.0,False,False
1.604627464797696e+18,Sun Dec 18 23:59:34 +0000 2022,"Bitcoin 12/18/2022 22:16 GMT  USD$9.66M just moved. #BTC
https://t.co/f7Ru7Jf967","<a href=""https://grafa.com"" rel=""nofollow"">Grafa Page Manager</a>",,,0.0,0.0,False,False
1.6046274627884196e+18,Sun Dec 18 23:59:34 +0000 2022,#RT @tangent24: ‚ÄòCrypto winter‚Äô has come. And it‚Äôs looking more like an ice age. https://t.co/IaeaDoASGp,"<a href=""https://ifttt.com"" rel=""nofollow"">IFTTT</a>",,,0.0,0.0,False,False
1.604627443800752e+18,Sun Dec 18 23:59:29 +0000 2022,RT @BitcoinMagazine: JUST IN: üá≥üá¨ Nigeria to pass bill legalizing #Bitcoin and crypto - Local Newspaper üôå,"<a href=""https://mobile.twitter.com"" rel=""nofollow"">Twitter Web App</a>",,,841.0,0.0,False,False
1.6046274312137277e+18,Sun Dec 18 23:59:26 +0000 2022,"Nearly half of US adults are back living with their parents due to high rent prices, inflation and stagnant wages.‚Ä¶ https://t.co/3eeyKuVfp8","<a href=""http://twitter.com/download/iphone"" rel=""nofollow"">Twitter for iPhone</a>",,,3.0,22.0,False,False
1.604627421780738e+18,Sun Dec 18 23:59:24 +0000 2022,@martypartymusic @Cobratate @saylor The more people wake up to the reality that everything is designed to keep you‚Ä¶ https://t.co/2nhnya3Bcd,"<a href=""http://twitter.com/download/iphone"" rel=""nofollow"">Twitter for iPhone</a>",,,0.0,0.0,False,False
1.6046274201447547e+18,Sun Dec 18 23:59:24 +0000 2022,"BITCOIN PREDICTION RESULT

Deal Close: 0.298 BTC for $16,738.92
Entry: BUY
Entry Price: $16,771.35(60 min ago on Bi‚Ä¶ https://t.co/8D3JFMtn1F","<a href=""https://note.com/cryptojohn"" rel=""nofollow"">Crypto_Arbitrage</a>",,,0.0,0.0,False,False
1.6046274048062464e+18,Sun Dec 18 23:59:20 +0000 2022,"#bitcoin weekly is resisting towards the marked area, my opinion it will be even lower towards $12k-$14k https://t.co/r6agIwalZi","<a href=""https://mobile.twitter.com"" rel=""nofollow"">Twitter Web App</a>",,,0.0,0.0,False,False
1.6046274029105357e+18,Sun Dec 18 23:59:20 +0000 2022,RT @rovercrc: #BITCOIN FALLING WEDGE! üî• https://t.co/z78u5J9LCe,"<a href=""https://mobile.twitter.com"" rel=""nofollow"">Twitter Web App</a>",,,74.0,0.0,False,False
1.604627399122899e+18,Sun Dec 18 23:59:19 +0000 2022,"@VitalikButerin @elonmusk Wishing all Merry TYRANT-MAS and a $TYRANT #TYRANT #SoulFire #Crypto New Year!

MEXC , bk‚Ä¶ https://t.co/blbBqS582G","<a href=""http://twitter.com/download/iphone"" rel=""nofollow"">Twitter for iPhone</a>",,,0.0,0.0,False,False
1.6046273875258655e+18,Sun Dec 18 23:59:16 +0000 2022,"üü• CLOSE SHORT Position
$APE [Futures Intraday Strategy]
#APEUSDT
Average Entry: $3.4929
Close Price: $3.477
ROE: 2.‚Ä¶ https://t.co/YDvLEVJAKN","<a href=""https://cryptomaticbot.com"" rel=""nofollow"">CryptoMatic</a>",,,0.0,0.0,False,False
1.6046273862088172e+18,Sun Dec 18 23:59:16 +0000 2022,"RT @PintoMarketing: Lo que no exist√≠a en la navidad de hace 20 a√±os: 

iPhone
Facebook
YouTube
Twitter
Instagram
Android
iPad
Gmail
Netflix‚Ä¶","<a href=""https://mobile.twitter.com"" rel=""nofollow"">Twitter Web App</a>",,,746.0,0.0,False,False
1.6046273818256097e+18,Sun Dec 18 23:59:15 +0000 2022,"RT @Ashcryptoreal: I will give $1,000 #Bitcoin to 5 
people in 6 hours. Just retweet and 
make sure you are following me.","<a href=""https://mobile.twitter.com"" rel=""nofollow"">Twitter Web App</a>",,,7930.0,0.0,False,False
1.6046273740118098e+18,Sun Dec 18 23:59:13 +0000 2022,Why This Bitcoin Bearish Divergence Could Spell Doom For BTC Rally #Bitcoin #News https://t.co/8RNQraqvqi #bitcoinnews,"<a href=""https://revive.social/"" rel=""nofollow"">Revive Social App</a>",,,0.0,0.0,False,False
1.6046273726320722e+18,Sun Dec 18 23:59:12 +0000 2022,"RT @BrokexFi: üî∏Ô∏è Drop your BEP-20 Wallet address, you might get surprised !

Follow, retweet and join our Telegram !!!

#AirdropCrypto #Bit‚Ä¶","<a href=""http://twitter.com/download/android"" rel=""nofollow"">Twitter for Android</a>",,,6245.0,0.0,False,False
1.6046273694273454e+18,Sun Dec 18 23:59:12 +0000 2022,"üü• CLOSE SHORT Position
$SOL [Futures Scalping Strategy]
#SOLUSDT
Average Entry: $12.462
Close Price: $12.367
ROE: 7‚Ä¶ https://t.co/z3fub14Bo5","<a href=""https://cryptomaticbot.com"" rel=""nofollow"">CryptoMatic</a>",,,0.0,0.0,False,False
1.6046273684961567e+18,Sun Dec 18 23:59:11 +0000 2022,RT @BSCNews: üì¢Hey #Bitcoin miners! Get a load of the long-term vision from @Coredao_Org! There could be some great incentives long-term! ‚ö°‚Ä¶,"<a href=""http://twitter.com/download/android"" rel=""nofollow"">Twitter for Android</a>",,,409.0,0.0,False,False
1.60462736440687e+18,Sun Dec 18 23:59:10 +0000 2022,"@pt_wanderer @TheBTCTherapist Bitcoin volatility index , moving very huge .

DM on how you can make money with Bitc‚Ä¶ https://t.co/Tc2UW7CXPQ","<a href=""http://twitter.com/download/android"" rel=""nofollow"">Twitter for Android</a>",,,0.0,0.0,False,False
1.6046273628843295e+18,Sun Dec 18 23:59:10 +0000 2022,@zetablockchain @Bitcoin @xdefi_wallet good project,"<a href=""https://mobile.twitter.com"" rel=""nofollow"">Twitter Web App</a>",,,0.0,0.0,False,False
1.6046273619321856e+18,Sun Dec 18 23:59:10 +0000 2022,RT @IncomeSharks: #Bitcoin- December has been a very slow month for trading. Don't feel like you are missing out on anything.,"<a href=""http://twitter.com/download/iphone"" rel=""nofollow"">Twitter for iPhone</a>",,,7.0,0.0,False,False
1.6046273578218168e+18,Sun Dec 18 23:59:09 +0000 2022,"Fantastic Brembo radial P4 biblock 108mm calipers. can go on all race bikes with 108 mm spacing
Excellent condition‚Ä¶ https://t.co/O7HQSCFeTj","<a href=""http://twitter.com/download/android"" rel=""nofollow"">Twitter for Android</a>",,,0.0,1.0,False,False
1.604627345771565e+18,Sun Dec 18 23:59:06 +0000 2022,"@MrDiamondhandz1 The more people wake up to the reality that everything is designed to keep you down, the faster‚Ä¶ https://t.co/jhTTTeuW8C","<a href=""http://twitter.com/download/iphone"" rel=""nofollow"">Twitter for iPhone</a>",,,0.0,0.0,False,False
1.6046273343000494e+18,Sun Dec 18 23:59:03 +0000 2022,RT @deezy____: We‚Äôre all getting $22. In bitcoin. https://t.co/Ehxnvhufw6,"<a href=""https://onloft.com/tweetlogix"" rel=""nofollow"">Tweetlogix</a>",,,18.0,0.0,False,False
1.6046273331930194e+18,Sun Dec 18 23:59:03 +0000 2022,"üü© Block 768003 ‚õè ‚õè

üìÖ 18th Dec 2022, 23:57:55 GMT

üì£ 371 tx with a value of 1,327.708 ‚Çø ($22.22m üá∫üá∏)

üì£ distributed‚Ä¶ https://t.co/dIPOlLGAw7","<a href=""https://help.twitter.com/en/using-twitter/how-to-tweet#source-labels"" rel=""nofollow"">tictoknextblock</a>",,,0.0,0.0,False,False
1.6046273306300948e+18,Sun Dec 18 23:59:02 +0000 2022,"Block 768,003 was just mined. It had 371 transactions and was 0.17 MB in size.

Total fees collected were $234 (1,3‚Ä¶ https://t.co/VQxMB91xTI","<a href=""https://twitter.com/chainclock"" rel=""nofollow"">Chainclock</a>",,,0.0,0.0,False,False
1.6046273304998707e+18,Sun Dec 18 23:59:02 +0000 2022,RT @PumpMasterr: I will send $600 #Bitcoin¬†¬†¬†¬†¬†to one person ends in next 24hrs. To join Just retweet and be following.,"<a href=""http://twitter.com/download/android"" rel=""nofollow"">Twitter for Android</a>",,,1821.0,0.0,False,False
1.6046273248251167e+18,Sun Dec 18 23:59:01 +0000 2022,"RT @balajis: Crypto maximizes exit, and thus maximizes consent.

A state that dilutes its national currency will see exit to Bitcoin.

A ba‚Ä¶","<a href=""https://mobile.twitter.com"" rel=""nofollow"">Twitter Web App</a>",,,89.0,0.0,False,False
1.6046273223631708e+18,Sun Dec 18 23:59:00 +0000 2022,"Candle of day 18/12/2022 closed.

Open: $ 16,785.18
High: $ 16,813.53
Low: $ 16,669.76
Close: $ 16,739.09

Change:‚Ä¶ https://t.co/Ey4cEjkiqd","<a href=""https://help.twitter.com/en/using-twitter/how-to-tweet#source-labels"" rel=""nofollow"">Bitcoin Candle Bot</a>",,,0.0,0.0,False,False
1.6046273199010652e+18,Sun Dec 18 23:59:00 +0000 2022,"As the Asian trading session begins, the global #cryptocurrency market cap is üìàup 0.66% in the last 24 hours. Howev‚Ä¶ https://t.co/gomZvSl9a3","<a href=""https://currencyrush.com/"" rel=""nofollow"">CurrencyRushTweetBots</a>",,,0.0,0.0,False,False
1.6046273150230364e+18,Sun Dec 18 23:58:59 +0000 2022,RT @rovercrc: Will #Bitcoin hold this support line? üò±üëá https://t.co/mfcCvYigrU,"<a href=""https://mobile.twitter.com"" rel=""nofollow"">Twitter Web App</a>",,,68.0,0.0,False,False
1.6046273136767631e+18,Sun Dec 18 23:58:58 +0000 2022,What Is Bitcoin? Not sure where to start? We‚Äôve got you covered with educational Bitcoin content for anyone.‚Ä¶ https://t.co/T47Xvr9ASA,"<a href=""http://twitter.com/download/iphone"" rel=""nofollow"">Twitter for iPhone</a>",,,46.0,4.0,False,False
1.6046273039458796e+18,Sun Dec 18 23:58:56 +0000 2022,"1: Bitcoin price is $16767.03 (-0.07% 1h)
2: Ethereum price is $1185.97 (-0.16% 1h)
3: Tether price is $1.00 (0.01%‚Ä¶ https://t.co/7XKkrLttmf","<a href=""https://twitter.com/TickerTop"" rel=""nofollow"">Top Cryptocoins Ticker</a>",,,0.0,1.0,False,False
1.6046273038538834e+18,Sun Dec 18 23:58:56 +0000 2022,"RT @traderilayda: 2x 95$ üéÅ

üü¢RT+Follow

Will be announced in 8 hours ‚úçÔ∏è

#crypto #CryptoGiveaways #Giveaway #Bitcoin","<a href=""http://twitter.com/download/android"" rel=""nofollow"">Twitter for Android</a>",,,275.0,0.0,False,False
1.604627296530432e+18,Sun Dec 18 23:58:54 +0000 2022,"@MichaelRihani This current #bitcoin  support at $15,700 looks strong. If we break this we‚Äôll def see $13,000
I thi‚Ä¶ https://t.co/XCF0QwPz77","<a href=""http://twitter.com/download/iphone"" rel=""nofollow"">Twitter for iPhone</a>",,,0.0,0.0,False,False
1.6046272915476152e+18,Sun Dec 18 23:58:53 +0000 2022,RT @fireman452a: You know what shocks US?  When WE see a fellow resister and we aren‚Äôt connected. SURE would like to fix that. Retweet and‚Ä¶,"<a href=""http://twitter.com/download/iphone"" rel=""nofollow"">Twitter for iPhone</a>",,,26.0,0.0,False,False
1.604627291333591e+18,Sun Dec 18 23:58:53 +0000 2022,"RT @TiTiProtocol: üì£Calling TiTiers 
üëÄ#Testnet Airdrop round 2 is coming soon !
‚è≥2Ô∏è‚É£ Days countdown to TiTi Testnet #Airdrop round2!
üéÅ11000‚Ä¶","<a href=""http://twitter.com/download/android"" rel=""nofollow"">Twitter for Android</a>",,,35.0,0.0,False,False
1.604627290180051e+18,Sun Dec 18 23:58:53 +0000 2022,"RT @airdropinspect: New airdrop: Azarus (AZA)
Total Reward: 10,000 AZA ($5,000)
Rate: ‚≠êÔ∏è‚≠êÔ∏è‚≠êÔ∏è‚≠êÔ∏è
Winners: 1,000 Random &amp; Top 100
Distribution‚Ä¶","<a href=""https://mobile.twitter.com"" rel=""nofollow"">Twitter Web App</a>",,,4602.0,0.0,False,False
1.6046272842832323e+18,Sun Dec 18 23:58:51 +0000 2022,"RT @RollbitRewards: $500 #Giveaway üéÅüéÅüéÅ

üé§ TAG 2 friends, #RT and #follow us! üèÜ

Winner in 5 days ‚òëÔ∏è #RollbitRewards  #Crypto #Bitcoin #BTC‚Ä¶","<a href=""http://twitter.com/download/android"" rel=""nofollow"">Twitter for Android</a>",,,4690.0,0.0,False,False
1.6046272834063073e+18,Sun Dec 18 23:58:51 +0000 2022,"RT @BSCNews: Take a look at the long term vision @Coredao_Org  has in mind for #Bitcoin miners in our article below üëá 

#BTC #Core #CoreDAO‚Ä¶","<a href=""http://twitter.com/download/android"" rel=""nofollow"">Twitter for Android</a>",,,258.0,0.0,False,False
1.6046272738686075e+18,Sun Dec 18 23:58:49 +0000 2022,"#Ethereum price update: 

#ETH $1182.33 USD
#Bitcoin 0.07060916552152889 #BTC

Follow for recent ETH price updates‚Ä¶ https://t.co/24o6qhSOR8","<a href=""https://mobile.twitter.com"" rel=""nofollow"">Twitter Web App</a>",,,0.0,0.0,False,False
1.6046272691960545e+18,Sun Dec 18 23:58:48 +0000 2022,"RT @MrFly69: üé≤ $15 #btc Giveaway üé≤

ü•®Retweet &amp; Follow
ü•®Tag your best friend
ü•®Like and comment on video üëá
https://t.co/YeqM7I7qbV

Winner in‚Ä¶","<a href=""https://mobile.twitter.com"" rel=""nofollow"">Twitter Web App</a>",,,367.0,0.0,False,False
1.604627254570541e+18,Sun Dec 18 23:58:44 +0000 2022,"Alameda Research was essentially an arbitrage shop, purchasing bitcoin at a lower price from one exchange and selli‚Ä¶ https://t.co/7vjtzGaF3A","<a href=""http://twitter.com/download/android"" rel=""nofollow"">Twitter for Android</a>",,,0.0,0.0,False,False
1.6046272446804623e+18,Sun Dec 18 23:58:42 +0000 2022,@HenrikZeberg Interesting. What is your 2023 Bitcoin target ?,"<a href=""http://twitter.com/download/android"" rel=""nofollow"">Twitter for Android</a>",,,0.0,0.0,False,False
1.604627236728017e+18,Sun Dec 18 23:58:40 +0000 2022,@zetablockchain @Zeta_Nite @Bitcoin @Galxe NICE!,"<a href=""https://mobile.twitter.com"" rel=""nofollow"">Twitter Web App</a>",,,0.0,0.0,False,False
1.6046154059342438e+18,Sun Dec 18 23:11:39 +0000 2022,Retweet this if you know why $BTC $ETH $SHIB üî• https://t.co/GyGhUo8qV6,"<a href=""http://twitter.com/download/iphone"" rel=""nofollow"">Twitter for iPhone</a>",,,127.0,416.0,False,False
1.60462756372002e+18,Sun Dec 18 23:59:58 +0000 2022,RT @laralogan: They knew a lot more than they told us.  https://t.co/ACIrrYTYIe,"<a href=""http://twitter.com/download/android"" rel=""nofollow"">Twitter for Android</a>",,,1475.0,0.0,False,False
1.6046275633593958e+18,Sun Dec 18 23:59:58 +0000 2022,"@CoinMarketCap My #HODL crypto wallet üí∞

$BTC 25% $BNB 15% $ETH 15% $LTC 15% $DAO 15%
$MATIC 15%","<a href=""https://mobile.twitter.com"" rel=""nofollow"">Twitter Web App</a>",,,0.0,0.0,False,False
1.6046275565814006e+18,Sun Dec 18 23:59:56 +0000 2022,RT @IdolizeMeech: I can‚Äôt even find the ball. He definitely heee heeeeeeeeeeed that btc,"<a href=""http://twitter.com/download/iphone"" rel=""nofollow"">Twitter for iPhone</a>",,,3284.0,0.0,False,False
1.604627548276523e+18,Sun Dec 18 23:59:54 +0000 2022,"RT @JTheretohelp1: $BTC Monthly 

Each time $BTC ‚ÄúDied‚Äù, price action descended into a Bullish falling wedge. 

But more important than the‚Ä¶","<a href=""http://twitter.com/download/iphone"" rel=""nofollow"">Twitter for iPhone</a>",,,84.0,0.0,False,False
1.6046275366711132e+18,Sun Dec 18 23:59:51 +0000 2022,"Sir because of u may be few 100 people benefited but losers of money in millions wat u did with Tesla, dogecoin , b‚Ä¶ https://t.co/bu51D0C2AM","<a href=""http://twitter.com/download/android"" rel=""nofollow"">Twitter for Android</a>",,,0.0,1.0,False,False
1.6046275359790735e+18,Sun Dec 18 23:59:51 +0000 2022,@flantoshi @cardano_whale Ya I have some legacy eth and btc in the exchange. At this point I just leave it there as‚Ä¶ https://t.co/xsqDsO8cF9,"<a href=""https://mobile.twitter.com"" rel=""nofollow"">Twitter Web App</a>",,,0.0,2.0,False,False
1.6046275135858647e+18,Sun Dec 18 23:59:46 +0000 2022,"RT @GoshFinder: üî•NFT GIVEAWAYüî•

üéâWe are giving awayüéâ

üéÅ1x xPILLS #NFT

To enter:üëáüèΩ

‚úÖ‚ù§Ô∏è&amp; RT
‚úÖFollow @xPillsOfficial + @GoshFinder

üìåDon't f‚Ä¶","<a href=""http://twitter.com/download/android"" rel=""nofollow"">Twitter for Android</a>",,,712.0,0.0,False,False
1.6046275037540557e+18,Sun Dec 18 23:59:44 +0000 2022,"RT @akimmemetaverse: AKIMME #Metaverse - #Web3 #Business Hub on #Ethereum #Blockchain 
PreSale1- #PREMINT raffle #allowlist coming soon!
Pl‚Ä¶","<a href=""http://twitter.com/download/android"" rel=""nofollow"">Twitter for Android</a>",,,9886.0,0.0,False,False
1.6046275016195154e+18,Sun Dec 18 23:59:43 +0000 2022,Kimberley Dobbin Mirabelle Toynbee #btc #ÂΩ©Á•® #ÂºÄ‰∫ë‰ΩìËÇ≤ https://t.co/P3xkbvrc5d,"<a href=""https://mobile.twitter.com"" rel=""nofollow"">Twitter Web App</a>",,,0.0,0.0,False,False
1.6046274966994166e+18,Sun Dec 18 23:59:42 +0000 2022,@kamikaz_ETH I am OG according to that definition. I sold BTC for ETH and do DeFi since 2020. yet I moved on cause‚Ä¶ https://t.co/PRo5U3CPCK,"<a href=""http://twitter.com/download/iphone"" rel=""nofollow"">Twitter for iPhone</a>",,,0.0,0.0,False,False
1.604627484347175e+18,Sun Dec 18 23:59:39 +0000 2022,Looks like 12k BTC not avoidable https://t.co/8JTrQhMoOU,"<a href=""https://mobile.twitter.com"" rel=""nofollow"">Twitter Web App</a>",,,0.0,0.0,False,False
1.6046274795321098e+18,Sun Dec 18 23:59:38 +0000 2022,"RT @cryptotabnft: Which NFT has been on your mind the most this week?

#opinion #QuestionTime #QNA #BTC #CryptoTab #NFT https://t.co/gGGOKs‚Ä¶","<a href=""http://twitter.com/download/android"" rel=""nofollow"">Twitter for Android</a>",,,6.0,0.0,False,False
1.6046274586232996e+18,Sun Dec 18 23:59:33 +0000 2022,"RT @NFTHolders_org: üéâ ROLE Giveaway üéâ

üèÜ 10 ALIENLIST (WL)

To Enter:
1‚É£ Follow us &amp; @AliensTrippinX üîî
2‚É£ RT Like &amp; Tag 2 Friends

‚è∞ 48H

#‚Ä¶","<a href=""http://twitter.com/download/android"" rel=""nofollow"">Twitter for Android</a>",,,1963.0,0.0,False,False
1.6046274581537137e+18,Sun Dec 18 23:59:33 +0000 2022,@TheScottCharles I hope he stays on. Watching someone torch $44B has been amusing,"<a href=""http://twitter.com/download/iphone"" rel=""nofollow"">Twitter for iPhone</a>",,,0.0,0.0,False,False
1.6046274549323284e+18,Sun Dec 18 23:59:32 +0000 2022,Veromca Whittier Sharon Laurie #btc #ÂΩ©Á•® #‰∏ñÁïåÊùØÁõ¥Êí≠ https://t.co/pBVIyyKcXD,"<a href=""https://mobile.twitter.com"" rel=""nofollow"">Twitter Web App</a>",,,0.0,0.0,False,False
1.604627447743488e+18,Sun Dec 18 23:59:30 +0000 2022,RT @JA_Maartun: Retail (0.1 ~ 1 #BTC) is stacking like there is no tomorrow üöÄ https://t.co/pM7VQzlHLg,"<a href=""http://twitter.com/download/android"" rel=""nofollow"">Twitter for Android</a>",,,91.0,0.0,False,False
1.6046274361841746e+18,Sun Dec 18 23:59:27 +0000 2022,"RT @UtilityTheory: Where does the bird fly to next? 

Cryptocurrency and payment integration? 

Global Payments Utopia https://t.co/7dYRQwV‚Ä¶","<a href=""http://twitter.com/download/iphone"" rel=""nofollow"">Twitter for iPhone</a>",,,11.0,0.0,False,False
1.6046274354415862e+18,Sun Dec 18 23:59:27 +0000 2022,"RT @_Pickleninja: Sometimes a picture is worth a thousand words.

$SWTH $BNB $BTC $ETH $USDC $USC $ZIL $ATOM $AVA $WBTC https://t.co/40inoF‚Ä¶","<a href=""https://mobile.twitter.com"" rel=""nofollow"">Twitter Web App</a>",,,14.0,0.0,False,False
1.6046274321408655e+18,Sun Dec 18 23:59:27 +0000 2022,"RT @NFTHolders_org: Planet Pass by @Wanderers_NFT is now live on @MagicEden with their new @0xPolygon integration

The Wanderers &amp; Wanderna‚Ä¶","<a href=""http://twitter.com/download/android"" rel=""nofollow"">Twitter for Android</a>",,,1172.0,0.0,False,False
1.6046274297207398e+18,Sun Dec 18 23:59:26 +0000 2022,"#CHESSUSDT Bear Alert!

5X Volume
Price:      0.175
5-min %: -0.57%
Volume:  $3,118
 
#crypto #whale #btc #eth‚Ä¶ https://t.co/iXLi9B1wrt","<a href=""https://twitter.com/abnormal_crypto"" rel=""nofollow"">abnormal_crypto_app</a>",,,0.0,0.0,False,False
1.6046273957256397e+18,Sun Dec 18 23:59:18 +0000 2022,@megbzk He's awake. He's making business moves. Ethics don't trump dollars in his world. He is smarter than how he‚Ä¶ https://t.co/3mporu26Ll,"<a href=""http://twitter.com/download/android"" rel=""nofollow"">Twitter for Android</a>",,,0.0,0.0,False,False
1.6046273935824364e+18,Sun Dec 18 23:59:17 +0000 2022,"RT @sis_01samurai: Pyro token is next big crypto currency in the world 

üéÄüéÄüéÄ
üéäüéäüéä

@PyroTokenErc 

üõçÔ∏èüõçÔ∏èüõçÔ∏è
üß∏üß∏üß∏

#PYRO #CryptoNews #Crypto #RB‚Ä¶","<a href=""http://twitter.com/download/android"" rel=""nofollow"">Twitter for Android</a>",,,69.0,0.0,False,False
1.6046273895978516e+18,Sun Dec 18 23:59:16 +0000 2022,@Sold_Wife_4_BTC @VitalikButerin @elonmusk Useless poll since Ethereum doesn't have a CEO.,"<a href=""http://twitter.com/download/android"" rel=""nofollow"">Twitter for Android</a>",,,0.0,0.0,False,False
1.6046273885449994e+18,Sun Dec 18 23:59:16 +0000 2022,RT @elonmusk: Should I step down as head of Twitter? I will abide by the results of this poll.,"<a href=""https://mobile.twitter.com"" rel=""nofollow"">Twitter Web App</a>",,,258923.0,0.0,False,False
1.604627382610309e+18,Sun Dec 18 23:59:15 +0000 2022,Esther Kingsley Max Perkin #btc #ÂΩ©Á•® #‰∏ñÁïåÊùØÁõ¥Êí≠ https://t.co/Vqx16doeI1,"<a href=""https://mobile.twitter.com"" rel=""nofollow"">Twitter Web App</a>",,,0.0,0.0,False,False
1.6046273779040256e+18,Sun Dec 18 23:59:14 +0000 2022,RT @danny_2928: @cryptojack You should see $TOKO from the #Tokoin ecosystem of @Tokoinglobal A project where they also provide financial su‚Ä¶,"<a href=""http://twitter.com/download/android"" rel=""nofollow"">Twitter for Android</a>",,,11.0,0.0,False,False
1.6046273532080333e+18,Sun Dec 18 23:59:08 +0000 2022,RT @danny_2928: @cryptoworld202 You should see $TOKO from the #Tokoin ecosystem of @Tokoinglobal A project where they also provide financia‚Ä¶,"<a href=""http://twitter.com/download/android"" rel=""nofollow"">Twitter for Android</a>",,,12.0,0.0,False,False
1.604627352578818e+18,Sun Dec 18 23:59:08 +0000 2022,JUST IN: Elon Musk will probably accept #BTC and #Doge before stepping down as head of Twitter üôÉ,"<a href=""https://mobile.twitter.com"" rel=""nofollow"">Twitter Web App</a>",,,0.0,0.0,False,False
1.6046273513457009e+18,Sun Dec 18 23:59:07 +0000 2022,@FNTdrip NO NO NO.... I remember when I was also confused just like you.  just lost your mind so sad I'm very sorry‚Ä¶ https://t.co/DXcXOVQxE5,"<a href=""http://twitter.com/download/android"" rel=""nofollow"">Twitter for Android</a>",,,0.0,0.0,False,False
1.6046273491901112e+18,Sun Dec 18 23:59:07 +0000 2022,Levi Hodge Elijah Hill Rex Horace #btc #ÂΩ©Á•® #‰∏ñÁïåÊùØÁõ¥Êí≠ https://t.co/RjlRzr7x3i,"<a href=""https://mobile.twitter.com"" rel=""nofollow"">Twitter Web App</a>",,,0.0,0.0,False,False
1.6046273474325217e+18,Sun Dec 18 23:59:06 +0000 2022,"*Web3Africa Market Updates (24h)

12/18/22 23:59:06

#BTC 16736 -0.25% üî¥
#ETH 1182 -0.48% üî¥
#XRP 0.349 -1.47% üî¥‚Ä¶ https://t.co/cB4c2BFjXH","<a href=""https://twitter.com/"" rel=""nofollow"">vaiotapi</a>",,,0.0,0.0,False,False
1.6046273236758774e+18,Sun Dec 18 23:59:01 +0000 2022,"@BTC_for_Freedom #1 it's never going to be that evenly distributed
#2 ok, we all know it will happen, but it's goin‚Ä¶ https://t.co/cAEgE86C1s","<a href=""http://twitter.com/download/android"" rel=""nofollow"">Twitter for Android</a>",,,0.0,5.0,False,False
1.6046273212683387e+18,Sun Dec 18 23:59:00 +0000 2022,@KICKFLIPTRIPS @olvelez007 Why would you? POW in all its forms has trilemma issues that modern coins do not. Why no‚Ä¶ https://t.co/LmtAjzOtZN,"<a href=""http://twitter.com/download/android"" rel=""nofollow"">Twitter for Android</a>",,,0.0,0.0,False,False
1.604627315459502e+18,Sun Dec 18 23:58:59 +0000 2022,Jonas Whyet Bing Carroll #ÂÖ≠ÂêàÂΩ© #btc #‰∏ñÁïåÊùØ‰π∞ÁêÉ https://t.co/QfaBDBVPqE,"<a href=""https://mobile.twitter.com"" rel=""nofollow"">Twitter Web App</a>",,,0.0,0.0,False,False
1.6046272879572787e+18,Sun Dec 18 23:58:52 +0000 2022,"RT @gabriel59253829: @CryptoEmdarks The best altcoins to buy this week is $TOKO from @Tokoinglobal's #Tokoin ecosystem, there is a draw for‚Ä¶","<a href=""http://twitter.com/download/android"" rel=""nofollow"">Twitter for Android</a>",,,11.0,0.0,False,False
1.604627287097299e+18,Sun Dec 18 23:58:52 +0000 2022,"RT @SquareGhostz: Relearning #Cryptocurency 

Total value locked (#TVL)
1/5 As reference point, you can use to TVL to understand what are t‚Ä¶","<a href=""http://twitter.com/download/android"" rel=""nofollow"">Twitter for Android</a>",,,94.0,0.0,False,False
1.604627284681724e+18,Sun Dec 18 23:58:51 +0000 2022,Merry Austin Jenny Toby #btc #ÂΩ©Á•® #‰∏ñÁïåÊùØ‰∏ãÊ≥® https://t.co/FQQlHTBedW,"<a href=""https://mobile.twitter.com"" rel=""nofollow"">Twitter Web App</a>",,,0.0,0.0,False,False
1.604627263399813e+18,Sun Dec 18 23:58:46 +0000 2022,Amy Eveline #btc #ÂπøÂ∑û Sharon Mackintosh #‰∏ñÁïåÊùØ https://t.co/fKCs5kg965,"<a href=""https://mobile.twitter.com"" rel=""nofollow"">Twitter Web App</a>",,,0.0,0.0,False,False
1.6046272445715825e+18,Sun Dec 18 23:58:42 +0000 2022,"#FXSUSDT Bear Alert!

5X Volume
Price:      5.287
5-min %: -0.28%
Volume:  $7,320
 
#crypto #whale #btc #eth #FXS‚Ä¶ https://t.co/uw0HieBRJO","<a href=""https://twitter.com/abnormal_crypto"" rel=""nofollow"">abnormal_crypto_app</a>",,,0.0,0.0,False,False
1.604627242851922e+18,Sun Dec 18 23:58:41 +0000 2022,"@NV_Patriot The funny thing is, I graduated college in 2015 thinking that BTC was just a Ponzi scheme, and just lik‚Ä¶ https://t.co/1wlGf454sN","<a href=""https://mobile.twitter.com"" rel=""nofollow"">Twitter Web App</a>",,,0.0,1.0,False,False
1.6046272390600868e+18,Sun Dec 18 23:58:40 +0000 2022,"Top 5 Mentions Updated Every 15 Minutes

  [BETA STAGE] Except BTC and ETH  

  1- $DOGE:694207 point üöÄ

  2- $ZEC:‚Ä¶ https://t.co/W9YmRRO8IK","<a href=""http://twitter.com"" rel=""nofollow"">CryptoTrendin</a>",,,0.0,1.0,False,False
1.60462723033609e+18,Sun Dec 18 23:58:38 +0000 2022,Sidney Brooke Christian Juliet #ÂÖ≠ÂêàÂΩ© #btc #‰∏ñÁïåÊùØ‰π∞ÁêÉ https://t.co/BnbiJa15uE,"<a href=""https://mobile.twitter.com"" rel=""nofollow"">Twitter Web App</a>",,,0.0,0.0,False,False
1.6046272149176648e+18,Sun Dec 18 23:58:35 +0000 2022,"Hang in there, crypto warriors üí™üèΩ
The bear market may be tough, but the journey to moon üåô is never easy. 

The cryp‚Ä¶ https://t.co/BGEp1bx1wQ","<a href=""https://mobile.twitter.com"" rel=""nofollow"">Twitter Web App</a>",,,0.0,0.0,False,False
1.6046272071959593e+18,Sun Dec 18 23:58:33 +0000 2022,"RT @CapyMagi: üéÅ  @CapyMagi Free Mint #Giveaway 

üí™ Try to win a #Whitelist place here: https://t.co/aA13SS7HDK
‚úÖ Follow our socials to join‚Ä¶","<a href=""https://mobile.twitter.com"" rel=""nofollow"">Twitter Web App</a>",,,98.0,0.0,False,False
1.604627200313008e+18,Sun Dec 18 23:58:31 +0000 2022,"#BinanceCoin price update: $BNB

#BNB $250.8 USD

#Bitcoin 0.01498 BTC

#Ethereum 0.21212 ETH

#altcoin #crypto‚Ä¶ https://t.co/tQs0oAm8EP","<a href=""https://mobile.twitter.com"" rel=""nofollow"">Twitter Web App</a>",,,0.0,0.0,False,False
1.604627187696816e+18,Sun Dec 18 23:58:28 +0000 2022,"RT @Trainwreckstv: it's my favorite time of the year, so fuck it, from now until the end of the year i will choose 50 people who like this‚Ä¶","<a href=""http://twitter.com/download/android"" rel=""nofollow"">Twitter for Android</a>",,,23063.0,0.0,False,False
1.6046271736247624e+18,Sun Dec 18 23:58:25 +0000 2022,@Cobratate Buy more BTC,"<a href=""http://twitter.com/download/iphone"" rel=""nofollow"">Twitter for iPhone</a>",,,0.0,0.0,False,False
1.6046271701225021e+18,Sun Dec 18 23:58:24 +0000 2022,@JohnThomasTV @MMCrypto @elonmusk My BTC came as promised! thank you!,"<a href=""https://mobile.twitter.com"" rel=""nofollow"">Twitter Web App</a>",,,0.0,0.0,False,False
1.6046271618846966e+18,Sun Dec 18 23:58:22 +0000 2022,Wtf does Joe Burrow say to the team in the locker room at half time? We need him to talk to the $BTC devs fr fr.,"<a href=""http://twitter.com/download/iphone"" rel=""nofollow"">Twitter for iPhone</a>",,,1.0,16.0,False,False
1.60462715616802e+18,Sun Dec 18 23:58:21 +0000 2022,Bitcoin‚Äôs price is slightly up at press time according to CoinMarketCap.The market leader‚Äôs price is trading below‚Ä¶ https://t.co/jTEnP5cALO,"<a href=""https://thecryptoverse.eu"" rel=""nofollow"">TheCryptoVerse</a>",,,0.0,0.0,False,False
1.6046271509795963e+18,Sun Dec 18 23:58:19 +0000 2022,"RT @gabriel59253829: @BSCGemsAlert The best altcoins to buy this week is $TOKO from @Tokoinglobal's #Tokoin ecosystem, there is a draw for‚Ä¶","<a href=""http://twitter.com/download/android"" rel=""nofollow"">Twitter for Android</a>",,,11.0,0.0,False,False
1.6046271502710415e+18,Sun Dec 18 23:58:19 +0000 2022,Alma Rose Jared Wordsworth #ÂÖ≠ÂêàÂΩ© #btc #‰∏ñÁïåÊùØÊäïÊ≥® https://t.co/ZyGMhrjqG8,"<a href=""https://mobile.twitter.com"" rel=""nofollow"">Twitter Web App</a>",,,0.0,0.0,False,False
1.6046271446922895e+18,Sun Dec 18 23:58:18 +0000 2022,@JohnThomasTV @MMCrypto @elonmusk BTC thinking what the heck..and they send me 1!,"<a href=""https://mobile.twitter.com"" rel=""nofollow"">Twitter Web App</a>",,,0.0,0.0,False,False
1.6046271436983992e+18,Sun Dec 18 23:58:18 +0000 2022,"1‚Çø = $16768.71 -0.09%üîª

Details:
Change: üîª-14.82$
24H Low = $16685.01üîª
24H High = $16824.07üíπ

#bitcoin #btc","<a href=""https://example.com"" rel=""nofollow"">BitcoinLivePriceTicker</a>",,,0.0,0.0,False,False
1.6046271262876017e+18,Sun Dec 18 23:58:14 +0000 2022,"RT @BSCNews: üì¢Hey #Bitcoin miners! Get a load of the long-term vision from @Coredao_Org! 
There could be some great incentives long-term! ‚ö°‚Ä¶","<a href=""http://twitter.com/download/android"" rel=""nofollow"">Twitter for Android</a>",,,369.0,0.0,False,False
1.6046271260110234e+18,Sun Dec 18 23:58:14 +0000 2022,https://t.co/QIa7sIH0vY register on #coinbase and get free 10$ #bonus #cryptocurrency  #bitcoin #metaverse‚Ä¶ https://t.co/JdgkkUTnzE,"<a href=""https://help.twitter.com/en/using-twitter/how-to-tweet#source-labels"" rel=""nofollow"">chainsnake</a>",,,5.0,5.0,False,False
1.6046271219550126e+18,Sun Dec 18 23:58:13 +0000 2022,"RT @rovercrc: #Bitcoin below $17,000 is cheap...","<a href=""https://mobile.twitter.com"" rel=""nofollow"">Twitter Web App</a>",,,84.0,0.0,False,False
1.6046271195349975e+18,Sun Dec 18 23:58:12 +0000 2022,"RT @QuaiNetwork: 1/5 Fiat money, politics, et cetera is subjective, whereas Proof of Work (PoW) crypto is objectively verifiable by all par‚Ä¶","<a href=""https://mobile.twitter.com"" rel=""nofollow"">Twitter Web App</a>",,,11444.0,0.0,False,False
1.6045317366327542e+18,Sun Dec 18 17:39:11 +0000 2022,"üî•üî•CRYPTO ARBITRAGE METHOD üì≤üí≤                                                                            

Just Chec‚Ä¶ https://t.co/Mkr0XBaQqK","<a href=""https://mobile.twitter.com"" rel=""nofollow"">Twitter Web App</a>",,,742.0,1126.0,False,False
1.6020630372585595e+18,Sun Dec 11 22:09:27 +0000 2022,"Bitcoin price on Dec 11th, 2017 = $17,150

Bitcoin price on Dec 11th, 2022 = $17,150","<a href=""https://mobile.twitter.com"" rel=""nofollow"">Twitter Web App</a>",,,1128.0,7747.0,False,False
1.604475766879576e+18,Sun Dec 18 13:56:47 +0000 2022,"On this day 4 YEARS AGO‚Ä¶

Bitcoin: The Decline Is Fundamental, Unsolvable, And The End Of BTC

Bitcoin price: $3,66‚Ä¶ https://t.co/9TOWE9lhpY","<a href=""http://twitter.com/download/iphone"" rel=""nofollow"">Twitter for iPhone</a>",,,21.0,140.0,False,False
1.6046271113561252e+18,Sun Dec 18 23:58:10 +0000 2022,"A new #Bitcoin price zone has just been detected 

üî∏ xxxx xxxx üî∏

To unlock all #BTC zone detections join our teleg‚Ä¶ https://t.co/Gzi3AAeLu0","<a href=""https://www.voxelx.com"" rel=""nofollow"">Bitcoin meter</a>",,,0.0,0.0,False,False
1.604627087616254e+18,Sun Dec 18 23:58:04 +0000 2022,"üëã A new block was found on the #Bitcoin network. We're at block height 768003, current #bitcoin price is $16744.54‚Ä¶ https://t.co/S6Dubu4lNi","<a href=""https://help.twitter.com/en/using-twitter/how-to-tweet#source-labels"" rel=""nofollow"">satsleft</a>",,,0.0,0.0,False,False
1.604627019915985e+18,Sun Dec 18 23:57:48 +0000 2022,"#Ethereum price update: 

#ETH $1186.33 USD
#Bitcoin 0.07069229 #BTC

Follow for recent ETH price updates
#altcoin, #cryptocurrency, #crypto","<a href=""https://mobile.twitter.com"" rel=""nofollow"">Twitter Web App</a>",,,0.0,0.0,False,False
1.6046269550513562e+18,Sun Dec 18 23:57:33 +0000 2022,"RT @rfntoken: $RFN Price Update üö®

Current Price: 0.00011183
Change: + 272.7%üìàüìà
Initial Price: 0.00003

üéØ Join Pre-Sale NowüéØ
https://t.co/U‚Ä¶","<a href=""http://twitter.com/download/iphone"" rel=""nofollow"">Twitter for iPhone</a>",,,10.0,0.0,False,False
1.6046269176841216e+18,Sun Dec 18 23:57:24 +0000 2022,"Seems like there is nothing positive in store for an immediate #Bitcoin price pump. Lots of negative things ahead,‚Ä¶ https://t.co/ZnLoL82oii","<a href=""https://mobile.twitter.com"" rel=""nofollow"">Twitter Web App</a>",,,0.0,1.0,False,False
1.604626879365124e+18,Sun Dec 18 23:57:15 +0000 2022,RT @TheCryptoLark: What price will #bitcoin end the year at?,"<a href=""https://mobile.twitter.com"" rel=""nofollow"">Twitter Web App</a>",,,63.0,0.0,False,False
1.6046268240169288e+18,Sun Dec 18 23:57:02 +0000 2022,"#Bitcoin Last Price $16743 #BTC üöÄ
Weekly Indicators:
‚Ä¢Change since Monday 00h00(UTC): -2.0%
‚Ä¢MACD:
 -MACD Line: -31‚Ä¶ https://t.co/iLL6qmM43s","<a href=""https://twitter.com/"" rel=""nofollow"">vaiotapi</a>",,,0.0,0.0,False,False
1.6046268086070518e+18,Sun Dec 18 23:56:58 +0000 2022,"- 
BTC price: $16,746 / ¬£13,993 

59.71 Naks per USD
71.46 Naks per GBP

A #Nak is one millionth of a #Bitcoin so i‚Ä¶ https://t.co/8aLKVmOVSM","<a href=""https://help.twitter.com/en/using-twitter/how-to-tweet#source-labels"" rel=""nofollow"">weeblueghost</a>",,,0.0,0.0,False,False
1.6046268040897823e+18,Sun Dec 18 23:56:57 +0000 2022,"RT @profit8lue: #Bitcoin update:
There is a high chance price moves back up to the 17500-17700 area then drop hard to 10k. 
This move will‚Ä¶","<a href=""http://twitter.com/download/iphone"" rel=""nofollow"">Twitter for iPhone</a>",,,242.0,0.0,False,False
1.6046267659425956e+18,Sun Dec 18 23:56:48 +0000 2022,"#Ethereum price update: 

#ETH $1184.2 USD
#Bitcoin 0.07068550976894994 #BTC

Follow for recent ETH price updates‚Ä¶ https://t.co/k2GSIDJNAN","<a href=""https://mobile.twitter.com"" rel=""nofollow"">Twitter Web App</a>",,,0.0,0.0,False,False
1.604626695641768e+18,Sun Dec 18 23:56:31 +0000 2022,$FDC price go up 2.84% in last minute on #GateIoTrading pair:#FDC/#USDTüëâhttps://t.co/T5YS2chGoMlast price: $ 0.0‚Ä¶ https://t.co/et6NIfvOkh,"<a href=""https://coinlisting.org/"" rel=""nofollow"">Crypto Frog</a>",,,0.0,1.0,False,False
1.6046266924961464e+18,Sun Dec 18 23:56:30 +0000 2022,"#BinanceCoin price update: $BNB

#BNB $251.53 USD

#Bitcoin 0.01501 BTC

#Ethereum 0.2124 ETH

#altcoin #crypto‚Ä¶ https://t.co/tskLa8H0gm","<a href=""https://mobile.twitter.com"" rel=""nofollow"">Twitter Web App</a>",,,0.0,0.0,False,False
1.6046266155516314e+18,Sun Dec 18 23:56:12 +0000 2022,"üü• CLOSE SHORT Position
$AVAX [Futures Scalping Strategy]
#AVAXUSDT
Average Entry: $11.947
Close Price: $11.911
ROE:‚Ä¶ https://t.co/PVKqS3FuiG","<a href=""https://cryptomaticbot.com"" rel=""nofollow"">CryptoMatic</a>",,,0.0,0.0,False,False
1.604626577165357e+18,Sun Dec 18 23:56:03 +0000 2022,"Block 768,002 was just mined. It had 739 transactions and was 0.38 MB in size.

Total fees collected were $512 (3,0‚Ä¶ https://t.co/QAzF4wvVR2","<a href=""https://twitter.com/chainclock"" rel=""nofollow"">Chainclock</a>",,,0.0,0.0,False,False
1.6046265715700777e+18,Sun Dec 18 23:56:01 +0000 2022,"#Bitcoin Last Price $16751 #BTC üöÄ
Weekly Indicators:
-RSI: 34
-Moving Average(20): 19374
-MA(50): 28153
-MA(200): 2‚Ä¶ https://t.co/DDhVwHT1T8","<a href=""https://twitter.com/"" rel=""nofollow"">vaiotapi</a>",,,0.0,0.0,False,False
1.6046265122374533e+18,Sun Dec 18 23:55:47 +0000 2022,"#Ethereum price update: 

#ETH $1186.78 USD
#Bitcoin 0.07072464 #BTC

Follow for recent ETH price updates
#altcoin, #cryptocurrency, #crypto","<a href=""https://mobile.twitter.com"" rel=""nofollow"">Twitter Web App</a>",,,0.0,0.0,False,False
1.6046263556557906e+18,Sun Dec 18 23:55:10 +0000 2022,"üëã A new block was found on the #Bitcoin network. We're at block height 768002, current #bitcoin price is $16762.38‚Ä¶ https://t.co/PTriknUmnJ","<a href=""https://help.twitter.com/en/using-twitter/how-to-tweet#source-labels"" rel=""nofollow"">satsleft</a>",,,0.0,0.0,False,False
1.6046263193373123e+18,Sun Dec 18 23:55:01 +0000 2022,"#UTKUSDT #UTK 
Signal #2  

Last Signal: 39 mins ago 
Before: 0.08440000 
After: 0.08570000 üü¢(1.54%) 
Volume Chng:‚Ä¶ https://t.co/0EsV2RKdoa","<a href=""https://www.WhalesRadar.com"" rel=""nofollow"">MT4 to Twitter</a>",,,0.0,0.0,False,False
1.6046263167536046e+18,Sun Dec 18 23:55:01 +0000 2022,"#Bitcoin Last Price $16758 #BTC üöÄ
Daily Indicators:
‚Ä¢Change since 00h00(UTC): -0.12%
‚Ä¢MACD:
 -MACD Line: -73
 -Sign‚Ä¶ https://t.co/VRWg7Bhhor","<a href=""https://twitter.com/"" rel=""nofollow"">vaiotapi</a>",,,0.0,0.0,False,False
1.6046262580500316e+18,Sun Dec 18 23:54:47 +0000 2022,"#Ethereum price update: 

#ETH $1185.47 USD
#Bitcoin 0.07068646613582401 #BTC

Follow for recent ETH price updates‚Ä¶ https://t.co/NrneQ7qqzk","<a href=""https://mobile.twitter.com"" rel=""nofollow"">Twitter Web App</a>",,,0.0,1.0,False,False
1.604626219214971e+18,Sun Dec 18 23:54:37 +0000 2022,"@DoominEth It seems bigger than bitcoin from my perspective, an order of magnitude bigger than btc. I‚Äôm just wonder‚Ä¶ https://t.co/notsv9jy99","<a href=""http://twitter.com/download/iphone"" rel=""nofollow"">Twitter for iPhone</a>",,,0.0,2.0,False,False
1.604626197320794e+18,Sun Dec 18 23:54:32 +0000 2022,$MULTI price go up 1.49% in last minute on #BinanceTrading pair:#MULTI/#USDTüëâhttps://t.co/bBCtUO1mxOlast price:‚Ä¶ https://t.co/rpjwGjDm8E,"<a href=""https://coinlisting.org/"" rel=""nofollow"">Crypto Frog</a>",,,0.0,0.0,False,False
1.604626185161515e+18,Sun Dec 18 23:54:29 +0000 2022,"#BinanceCoin price update: $BNB

#BNB $252.09 USD

#Bitcoin 0.01503 BTC

#Ethereum 0.21265 ETH

#altcoin #crypto‚Ä¶ https://t.co/juKiOi06ab","<a href=""https://mobile.twitter.com"" rel=""nofollow"">Twitter Web App</a>",,,0.0,0.0,False,False
1.6046261590016532e+18,Sun Dec 18 23:54:23 +0000 2022,"RT @4lexEllefsen: #Bitcoin  is for criminals""
Since 2000 BANKS paid $340,816,534,046 in fines. Mortgage abuse, toxic securities abuse, inve‚Ä¶","<a href=""http://twitter.com/download/iphone"" rel=""nofollow"">Twitter for iPhone</a>",,,132.0,0.0,False,False
1.6046261119203697e+18,Sun Dec 18 23:54:12 +0000 2022,"RT @shibJortiz707: ALTCOINS

#LUNC Price Prediction 2025-2030: What‚Äôs in store for #LUNC holders?
high as $5.23 and as low as $1.93
#LUNC #‚Ä¶","<a href=""https://mobile.twitter.com"" rel=""nofollow"">Twitter Web App</a>",,,2.0,0.0,False,False
1.6046260880591012e+18,Sun Dec 18 23:54:06 +0000 2022,"Follow @cryptoworldhead for News, Airdrops
Bitcoin Fear and Greed Index is 29 - Fear
Current price: $17,002 - Crypt‚Ä¶ https://t.co/lJkhv847Rr","<a href=""https://www.cryptoworldheadline.com/"" rel=""nofollow"">cryptoworldheadline</a>",,,0.0,0.0,False,False
1.6046260740543652e+18,Sun Dec 18 23:54:03 +0000 2022,"RT @BC_Richfield: $BTC

Just finished the Bitcoin report &amp; key takeaways below.

- Weekly back in the range &amp; 17213 level still capping ups‚Ä¶","<a href=""http://twitter.com/download/iphone"" rel=""nofollow"">Twitter for iPhone</a>",,,6.0,0.0,False,False
1.6046260647472415e+18,Sun Dec 18 23:54:01 +0000 2022,"#Bitcoin Last Price $16764 #BTC üöÄ
Daily Indicators:
-RSI: 44
-Moving Average(20): 17071
-MA(50): 17540
-MA(200): 20‚Ä¶ https://t.co/zuiDPIx8Fp","<a href=""https://twitter.com/"" rel=""nofollow"">vaiotapi</a>",,,0.0,0.0,False,False
1.604625949709869e+18,Sun Dec 18 23:53:33 +0000 2022,"RT @thescalpingpro: #Bitcoin 

Possible Bump &amp; Run reversal pattern playing out on $BTC üßê

BARR is a bullish reversal pattern which usually‚Ä¶","<a href=""http://erased26354988_kJ1rewTl0F.com"" rel=""nofollow"">erased26354988_kJ1rewTl0F</a>",,,93.0,0.0,False,False
1.6046257510845235e+18,Sun Dec 18 23:52:46 +0000 2022,"#Ethereum price update: 

#ETH $1185.94 USD
#Bitcoin 0.07071449100282515 #BTC

Follow for recent ETH price updates‚Ä¶ https://t.co/JEEGNaTFAv","<a href=""https://mobile.twitter.com"" rel=""nofollow"">Twitter Web App</a>",,,0.0,1.0,False,False
1.6046256771640934e+18,Sun Dec 18 23:52:28 +0000 2022,"#BinanceCoin price update: $BNB

#BNB $252.06 USD

#Bitcoin 0.01503 BTC

#Ethereum 0.21254 ETH

#altcoin #crypto‚Ä¶ https://t.co/47Ln5g8VOU","<a href=""https://mobile.twitter.com"" rel=""nofollow"">Twitter Web App</a>",,,0.0,0.0,False,False
1.6046256478247977e+18,Sun Dec 18 23:52:21 +0000 2022,"RT @BitcoinFear: Bitcoin Fear and Greed Index is 26 ‚Äî Fear
Current price: $16,780 https://t.co/TuSdLXkUqW","<a href=""http://twitter.com/download/android"" rel=""nofollow"">Twitter for Android</a>",,,31.0,0.0,False,False
1.604625495034839e+18,Sun Dec 18 23:51:45 +0000 2022,"#Ethereum price update: 

#ETH $1187.46 USD
#Bitcoin 0.0707452 #BTC

Follow for recent ETH price updates
#altcoin, #cryptocurrency, #crypto","<a href=""https://mobile.twitter.com"" rel=""nofollow"">Twitter Web App</a>",,,0.0,1.0,False,False
1.604625391372624e+18,Sun Dec 18 23:51:20 +0000 2022,"Bitcoin Price Prediction as $10,000,000,000 Volume Comes In ‚Äì BTC to the Moon?
https://t.co/wIHqK5YWle","<a href=""https://www.fs-poster.com/"" rel=""nofollow"">FS-Poster-App</a>",,,0.0,0.0,False,False
1.6046253180059402e+18,Sun Dec 18 23:51:02 +0000 2022,"Block 768,001 was just mined. It had 85 transactions and was 0.06 MB in size.

Total fees collected were $68 (407,4‚Ä¶ https://t.co/R9zIvwEqwk","<a href=""https://twitter.com/chainclock"" rel=""nofollow"">Chainclock</a>",,,0.0,0.0,False,False
1.6046252857852068e+18,Sun Dec 18 23:50:55 +0000 2022,"RT @TMGMgroup: #Cryptocurrency 24HR Price Update: 

#Bitcoin 16776.66 -0.1%
#Ethereum 1187.68 -0.1%
#BNB 252.27 4.2%
#XRP 0.351833 -1.1%
#P‚Ä¶","<a href=""http://twitter.com/download/android"" rel=""nofollow"">Twitter for Android</a>",,,1.0,0.0,False,False
1.6046252408600084e+18,Sun Dec 18 23:50:44 +0000 2022,"#Ethereum price update: 

#ETH $1187.03 USD
#Bitcoin 0.07075206290396797 #BTC

Follow for recent ETH price updates‚Ä¶ https://t.co/g8hbbgB65W","<a href=""https://mobile.twitter.com"" rel=""nofollow"">Twitter Web App</a>",,,0.0,1.0,False,False
1.6046252139324662e+18,Sun Dec 18 23:50:38 +0000 2022,"#Cryptocurrency 24HR Price Update: 

#Bitcoin 16776.66 -0.1%
#Ethereum 1187.68 -0.1%
#BNB 252.27 4.2%
#XRP 0.351833‚Ä¶ https://t.co/XedjeJRT7R","<a href=""https://mobile.twitter.com"" rel=""nofollow"">Twitter Web App</a>",,,1.0,3.0,False,False
1.604625169309487e+18,Sun Dec 18 23:50:27 +0000 2022,"#BinanceCoin price update: $BNB

#BNB $251.6 USD

#Bitcoin 0.015 BTC

#Ethereum 0.212 ETH

#altcoin #crypto‚Ä¶ https://t.co/arnUxUBmBv","<a href=""https://mobile.twitter.com"" rel=""nofollow"">Twitter Web App</a>",,,0.0,0.0,False,False
1.6046251541847327e+18,Sun Dec 18 23:50:23 +0000 2022,"üëã A new block was found on the #Bitcoin network. We're at block height 768001, current #bitcoin price is $16772.11‚Ä¶ https://t.co/O0dVejoC5o","<a href=""https://help.twitter.com/en/using-twitter/how-to-tweet#source-labels"" rel=""nofollow"">satsleft</a>",,,0.0,0.0,False,False
1.6046250584497193e+18,Sun Dec 18 23:50:01 +0000 2022,"#CVXUSDT #CVX 
Signal #3  

Last Signal: 414 mins ago 
Before: 3.48900000 
After: 3.49300000 üü¢(0.11%) 
Volume Chng:‚Ä¶ https://t.co/F3JzNiaq12","<a href=""https://www.WhalesRadar.com"" rel=""nofollow"">MT4 to Twitter</a>",,,0.0,0.0,False,False
1.6046249871424266e+18,Sun Dec 18 23:49:44 +0000 2022,"#Ethereum price update: 

#ETH $1187.77 USD
#Bitcoin 0.07077171 #BTC

Follow for recent ETH price updates
#altcoin, #cryptocurrency, #crypto","<a href=""https://mobile.twitter.com"" rel=""nofollow"">Twitter Web App</a>",,,0.0,2.0,False,False
1.6046249801503212e+18,Sun Dec 18 23:49:42 +0000 2022,Current #Bitcoin Price is $16789 #BTC #Crypto,"<a href=""https://help.twitter.com/en/using-twitter/how-to-tweet#source-labels"" rel=""nofollow"">IAmBitcoinBot</a>",,,0.0,0.0,False,False
1.6046248146768855e+18,Sun Dec 18 23:49:02 +0000 2022,"Block 768,000 was just mined. It had 322 transactions and was 0.19 MB in size.

Total fees collected were $235 (1,3‚Ä¶ https://t.co/GcYoCSFUdK","<a href=""https://twitter.com/chainclock"" rel=""nofollow"">Chainclock</a>",,,0.0,0.0,False,False
1.604624732871082e+18,Sun Dec 18 23:48:43 +0000 2022,"#Ethereum price update: 

#ETH $1187.21 USD
#Bitcoin 0.07073083545329432 #BTC

Follow for recent ETH price updates‚Ä¶ https://t.co/6l8BrKVzXF","<a href=""https://mobile.twitter.com"" rel=""nofollow"">Twitter Web App</a>",,,0.0,3.0,False,False
1.6046247292724552e+18,Sun Dec 18 23:48:42 +0000 2022,"üëã A new block was found on the #Bitcoin network. We're at block height 768000, current #bitcoin price is $16779.87‚Ä¶ https://t.co/qAIZZwAnFm","<a href=""https://help.twitter.com/en/using-twitter/how-to-tweet#source-labels"" rel=""nofollow"">satsleft</a>",,,0.0,0.0,False,False
1.6046246866918973e+18,Sun Dec 18 23:48:32 +0000 2022,Top 4 #cryptocurrency #price jumps in last minute on #OKXüëâhttps://t.co/XsdBPI7qf6$LITH 1.43%$CHE 0.52%$LING 0.4‚Ä¶ https://t.co/ifUFRQofIi,"<a href=""https://coinlisting.org/"" rel=""nofollow"">Crypto Frog</a>",,,0.0,1.0,False,False
1.604624661769343e+18,Sun Dec 18 23:48:26 +0000 2022,"#BinanceCoin price update: $BNB

#BNB $252.14 USD

#Bitcoin 0.01502 BTC

#Ethereum 0.21238 ETH

#altcoin #crypto‚Ä¶ https://t.co/6WY3QEebKt","<a href=""https://mobile.twitter.com"" rel=""nofollow"">Twitter Web App</a>",,,0.0,1.0,False,False
1.6046244794974577e+18,Sun Dec 18 23:47:43 +0000 2022,"#Ethereum price update: 

#ETH $1188.28 USD
#Bitcoin 0.07079116 #BTC

Follow for recent ETH price updates
#altcoin, #cryptocurrency, #crypto","<a href=""https://mobile.twitter.com"" rel=""nofollow"">Twitter Web App</a>",,,0.0,3.0,False,False
1.6046243088521052e+18,Sun Dec 18 23:47:02 +0000 2022,"Block 767,999 was just mined. It had 887 transactions and was 0.67 MB in size.

Total fees collected were $646 (3,8‚Ä¶ https://t.co/AgOWR5lY0B","<a href=""https://twitter.com/chainclock"" rel=""nofollow"">Chainclock</a>",,,0.0,0.0,False,False
1.6046242681758433e+18,Sun Dec 18 23:46:52 +0000 2022,"#Bitcoin Last Price $16777 #BTC üöÄ
Weekly Indicators:
‚Ä¢Change since Monday 00h00(UTC): -1.8%
‚Ä¢MACD:
 -MACD Line: -31‚Ä¶ https://t.co/0zloMhm1Ja","<a href=""https://twitter.com/"" rel=""nofollow"">vaiotapi</a>",,,0.0,0.0,False,False
1.6046242255071068e+18,Sun Dec 18 23:46:42 +0000 2022,"#Ethereum price update: 

#ETH $1187.42 USD
#Bitcoin 0.07073837370011342 #BTC

Follow for recent ETH price updates‚Ä¶ https://t.co/K5nl2Klhfn","<a href=""https://mobile.twitter.com"" rel=""nofollow"">Twitter Web App</a>",,,0.0,2.0,False,False
1.6046241911683236e+18,Sun Dec 18 23:46:34 +0000 2022,"üëã A new block was found on the #Bitcoin network. We're at block height 767999, current #bitcoin price is $16781.55‚Ä¶ https://t.co/XOpvVsi1IN","<a href=""https://help.twitter.com/en/using-twitter/how-to-tweet#source-labels"" rel=""nofollow"">satsleft</a>",,,0.0,0.0,False,False
1.6046241543171768e+18,Sun Dec 18 23:46:25 +0000 2022,"#BinanceCoin price update: $BNB

#BNB $252.14 USD

#Bitcoin 0.01502 BTC

#Ethereum 0.21234 ETH

#altcoin #crypto‚Ä¶ https://t.co/zbVLJI0Oeg","<a href=""https://mobile.twitter.com"" rel=""nofollow"">Twitter Web App</a>",,,0.0,1.0,False,False
1.6046240483479798e+18,Sun Dec 18 23:46:00 +0000 2022,"‚ö°Impact of Hashrate on Bitcoin Price Predictions

Bitcoin‚Äôs hashrate is a good indicator of the network‚Äôs health. T‚Ä¶ https://t.co/bdftFNTePm","<a href=""https://about.twitter.com/products/tweetdeck"" rel=""nofollow"">TweetDeck</a>",,,0.0,0.0,False,False
1.60462401468885e+18,Sun Dec 18 23:45:52 +0000 2022,"#Bitcoin Last Price $16780 #BTC üöÄ
Weekly Indicators:
-RSI: 34
-Moving Average(20): 19375
-MA(50): 28153
-MA(200): 2‚Ä¶ https://t.co/F4UXkwfLIF","<a href=""https://twitter.com/"" rel=""nofollow"">vaiotapi</a>",,,0.0,0.0,False,False
1.60462399600742e+18,Sun Dec 18 23:45:47 +0000 2022,"The $BTC price is at $16,780.43 right now.
üî¥ Compared to the last tweet, the price has dropped by $6.89 (0.04%).
üü¢‚Ä¶ https://t.co/0fq1IHnM4K","<a href=""https://twitter.com/HernnCano2"" rel=""nofollow"">Pamboo Crypto</a>",,,0.0,0.0,False,False
1.604623962541265e+18,Sun Dec 18 23:45:39 +0000 2022,"RT @BitcoinFear: Bitcoin Fear and Greed Index is 27 ‚Äî Fear
Current price: $17,767 https://t.co/V50Xx27yQr","<a href=""https://botcoins.tech/"" rel=""nofollow"">botcoins.tech</a>",,,50.0,0.0,False,False
1.6046238020838113e+18,Sun Dec 18 23:45:01 +0000 2022,"#BIFIUSDT #BIFI 
Signal #1  

Last Signal: N/A 
Before: 328.10000000 
After: 337.20000000 üü¢(2.77%) 
Volume Chng: 16‚Ä¶ https://t.co/TDrq4YfAY8","<a href=""https://www.WhalesRadar.com"" rel=""nofollow"">MT4 to Twitter</a>",,,0.0,1.0,False,False
1.604623762451751e+18,Sun Dec 18 23:44:52 +0000 2022,"#Bitcoin Last Price $16784 #BTC üöÄ
Daily Indicators:
‚Ä¢Change since 00h00(UTC): +0.04%
‚Ä¢MACD:
 -MACD Line: -71
 -Sign‚Ä¶ https://t.co/n1RbcuNDCd","<a href=""https://twitter.com/"" rel=""nofollow"">vaiotapi</a>",,,0.0,1.0,False,False
1.6046237198878392e+18,Sun Dec 18 23:44:41 +0000 2022,Current #Bitcoin Price is $16792 #BTC #Crypto,"<a href=""https://help.twitter.com/en/using-twitter/how-to-tweet#source-labels"" rel=""nofollow"">IAmBitcoinBot</a>",,,0.0,1.0,False,False
1.6046237182772142e+18,Sun Dec 18 23:44:41 +0000 2022,"#Ethereum price update: 

#ETH $1188.13 USD
#Bitcoin 0.07076123732854339 #BTC

Follow for recent ETH price updates‚Ä¶ https://t.co/FFbKDC2sD4","<a href=""https://mobile.twitter.com"" rel=""nofollow"">Twitter Web App</a>",,,0.0,3.0,False,False
1.604623646802133e+18,Sun Dec 18 23:44:24 +0000 2022,"#BinanceCoin price update: $BNB

#BNB $252.36 USD

#Bitcoin 0.01503 BTC

#Ethereum 0.2124 ETH

#altcoin #crypto‚Ä¶ https://t.co/hrNAuhA3DZ","<a href=""https://mobile.twitter.com"" rel=""nofollow"">Twitter Web App</a>",,,0.0,0.0,False,False
1.604623509396783e+18,Sun Dec 18 23:43:51 +0000 2022,"#Bitcoin Last Price $16786 #BTC üöÄ
Daily Indicators:
-RSI: 45
-Moving Average(20): 17073
-MA(50): 17540
-MA(200): 20‚Ä¶ https://t.co/WMcnDm8OHd","<a href=""https://twitter.com/"" rel=""nofollow"">vaiotapi</a>",,,0.0,0.0,False,False
1.604623503168258e+18,Sun Dec 18 23:43:50 +0000 2022,"- 
BTC price: $16,783 / ¬£14,024 

59.58 Naks per USD
71.31 Naks per GBP

A #Nak is a millionth of a #Bitcoin. 
A‚Ä¶ https://t.co/F7J7f56QS8","<a href=""https://help.twitter.com/en/using-twitter/how-to-tweet#source-labels"" rel=""nofollow"">weeblueghost</a>",,,0.0,0.0,False,False
1.604623463964201e+18,Sun Dec 18 23:43:40 +0000 2022,"#Ethereum price update: 

#ETH $1188.58 USD
#Bitcoin 0.07080684 #BTC

Follow for recent ETH price updates
#altcoin, #cryptocurrency, #crypto","<a href=""https://mobile.twitter.com"" rel=""nofollow"">Twitter Web App</a>",,,0.0,1.0,False,False
1.6046233020054938e+18,Sun Dec 18 23:43:02 +0000 2022,"$BTC A big chance in a million!
Price: \2289789.0 (2022/12/19 08:36)
#Bitcoin #FX #BTC #crypto","<a href=""https://dlvrit.com/"" rel=""nofollow"">dlvr.it</a>",,,0.0,0.0,False,False
1.6046232097095762e+18,Sun Dec 18 23:42:40 +0000 2022,"#Ethereum price update: 

#ETH $1188.72 USD
#Bitcoin 0.07078638437545033 #BTC

Follow for recent ETH price updates‚Ä¶ https://t.co/stPrGhuVVi","<a href=""https://mobile.twitter.com"" rel=""nofollow"">Twitter Web App</a>",,,0.0,1.0,False,False
1.604623178118185e+18,Sun Dec 18 23:42:32 +0000 2022,Top 3 #cryptocurrency #price jumps in last minute on #MEXCüëâhttps://t.co/AdJlZWUXsw$WNCG 1.29%$CHE 0.77%$IQ 0.43‚Ä¶ https://t.co/3P22kNQUZA,"<a href=""https://coinlisting.org/"" rel=""nofollow"">Crypto Frog</a>",,,0.0,0.0,False,False
1.6046231385826755e+18,Sun Dec 18 23:42:23 +0000 2022,"#BinanceCoin price update: $BNB

#BNB $252.08 USD

#Bitcoin 0.01501 BTC

#Ethereum 0.21206 ETH

#altcoin #crypto‚Ä¶ https://t.co/NreLgmGb19","<a href=""https://mobile.twitter.com"" rel=""nofollow"">Twitter Web App</a>",,,0.0,1.0,False,False
1.6046230537402982e+18,Sun Dec 18 23:42:03 +0000 2022,"Block 767,998 was just mined. It had 2,547 transactions and was 1.54 MB in size.

Total fees collected were $2,207‚Ä¶ https://t.co/If740Dq3S5","<a href=""https://twitter.com/chainclock"" rel=""nofollow"">Chainclock</a>",,,0.0,0.0,False,False
1.6046229552790077e+18,Sun Dec 18 23:41:39 +0000 2022,"#Ethereum price update: 

#ETH $1188.67 USD
#Bitcoin 0.07081408 #BTC

Follow for recent ETH price updates
#altcoin, #cryptocurrency, #crypto","<a href=""https://mobile.twitter.com"" rel=""nofollow"">Twitter Web App</a>",,,0.0,1.0,False,False
1.604622950770086e+18,Sun Dec 18 23:41:38 +0000 2022,"Current #Bitcoin price is $16,790.36","<a href=""https://twitter-web-oauth.herokuapp.com/"" rel=""nofollow"">Crypto live price</a>",,,0.0,0.0,False,False
1.604622864958849e+18,Sun Dec 18 23:41:18 +0000 2022,"üëã A new block was found on the #Bitcoin network. We're at block height 767998, current #bitcoin price is $16790.0 a‚Ä¶ https://t.co/9xkVFWsFp1","<a href=""https://help.twitter.com/en/using-twitter/how-to-tweet#source-labels"" rel=""nofollow"">satsleft</a>",,,0.0,0.0,False,False
1.6046227863910646e+18,Sun Dec 18 23:40:59 +0000 2022,"RT @goldslvrspot: Bitcoin, Binance Coin, Polygon, and Solana Daily Price Analyses ‚Äì 18 December Morning Prediction https://t.co/tKdpT7VCmS","<a href=""https://mobile.twitter.com"" rel=""nofollow"">Twitter Web App</a>",,,1.0,0.0,False,False
1.6046227013432484e+18,Sun Dec 18 23:40:39 +0000 2022,"#Ethereum price update: 

#ETH $1188.71 USD
#Bitcoin 0.07079185927266102 #BTC

Follow for recent ETH price updates‚Ä¶ https://t.co/0OtYSWfh4h","<a href=""https://mobile.twitter.com"" rel=""nofollow"">Twitter Web App</a>",,,0.0,0.0,False,False
1.604622666417283e+18,Sun Dec 18 23:40:30 +0000 2022,#BinanceCoin price update: $BNB  #BNB $249.48 USD  #Bitcoin 0.01487 BTC  #Ethereum 0.21048 ETH  #altcoin #crypto‚Ä¶ https://t.co/HOiLDXreFe,"<a href=""https://mobile.twitter.com"" rel=""nofollow"">Twitter Web App</a>",,,0.0,1.0,False,False
1.6046226315164754e+18,Sun Dec 18 23:40:22 +0000 2022,"#BinanceCoin price update: $BNB

#BNB $252.09 USD

#Bitcoin 0.01501 BTC

#Ethereum 0.21207 ETH

#altcoin #crypto‚Ä¶ https://t.co/aUNelNSzVk","<a href=""https://mobile.twitter.com"" rel=""nofollow"">Twitter Web App</a>",,,0.0,1.0,False,False
1.604622543796818e+18,Sun Dec 18 23:40:01 +0000 2022,"#QIUSDT #QI 
Signal #1  

Last Signal: N/A 
Before: 0.00661000 
After: 0.00711000 üü¢(7.56%) 
Volume Chng: 65,402 USD‚Ä¶ https://t.co/g0UqKGPLjT","<a href=""https://www.WhalesRadar.com"" rel=""nofollow"">MT4 to Twitter</a>",,,0.0,0.0,False,False
1.6046224595666657e+18,Sun Dec 18 23:39:41 +0000 2022,Current #Bitcoin Price is $16793 #BTC #Crypto,"<a href=""https://help.twitter.com/en/using-twitter/how-to-tweet#source-labels"" rel=""nofollow"">IAmBitcoinBot</a>",,,0.0,0.0,False,False
1.604604497271087e+18,Sun Dec 18 22:28:18 +0000 2022,"üìà ANALYSE BITCOIN (BTC) du 18.12.2022

- Sur Youtube : https://t.co/5KKvT3LPcx

- Sur Tik Tok :‚Ä¶ https://t.co/4DQfKSAqqO","<a href=""https://mobile.twitter.com"" rel=""nofollow"">Twitter Web App</a>",,,0.0,0.0,False,False
1.6045924722603336e+18,Sun Dec 18 21:40:31 +0000 2022,"RT @Graywol60: #bitcoin
Always be cautious about the market where the coins can fluctuate but Solanasail will give you a chance to analyse‚Ä¶","<a href=""http://twitter.com/download/android"" rel=""nofollow"">Twitter for Android</a>",,,5.0,0.0,False,False
1.6044261506665923e+18,Sun Dec 18 10:39:37 +0000 2022,@AltcoinPepe One major reason for not having confidence in trade is many people get to know about many more opposit‚Ä¶ https://t.co/gWXIovXiUQ,"<a href=""http://twitter.com/download/android"" rel=""nofollow"">Twitter for Android</a>",,,0.0,0.0,False,False
1.6044250368021627e+18,Sun Dec 18 10:35:12 +0000 2022,@ezCoinAccess @Real_IanScott #Bitcoin wallet address transactions can be observed by anyone - Gov Dept can observe‚Ä¶ https://t.co/BMU6j6VprJ,"<a href=""https://mobile.twitter.com"" rel=""nofollow"">Twitter Web App</a>",,,0.0,2.0,False,False
1.604398189779583e+18,Sun Dec 18 08:48:31 +0000 2022,@prateek_bitcoin @dergigi @thomas_fahrer @dotkrueger @apollosats I've never seen a trader as perfect as @Austin_trc‚Ä¶ https://t.co/1suHkcVyOk,"<a href=""http://twitter.com/download/android"" rel=""nofollow"">Twitter for Android</a>",,,0.0,0.0,False,False
1.6043981748939244e+18,Sun Dec 18 08:48:27 +0000 2022,"@prateek_bitcoin @dergigi I've never seen a trader as perfect as @Austin_trc
he knows how to analyse trade and with‚Ä¶ https://t.co/cWa2Sr6Alw","<a href=""http://twitter.com/download/android"" rel=""nofollow"">Twitter for Android</a>",,,0.0,0.0,False,False
1.604309019937702e+18,Sun Dec 18 02:54:11 +0000 2022,"On YouTube I regularly analyse:

Bitcoin
Ethereum
Polygon
Solana
Cardano

I occasionally cover a few others. What d‚Ä¶ https://t.co/p4spCZjv9a","<a href=""http://twitter.com/download/iphone"" rel=""nofollow"">Twitter for iPhone</a>",,,0.0,0.0,False,False
1.6042312844018688e+18,Sat Dec 17 21:45:18 +0000 2022,"üìà  ANALYSE BITCOIN (BTC) du 17.12.2022

- Sur Youtube : https://t.co/dDUFZjfbKa

- Sur Tik Tok :‚Ä¶ https://t.co/JSi9fWzsx6","<a href=""https://mobile.twitter.com"" rel=""nofollow"">Twitter Web App</a>",,,0.0,0.0,False,False
1.6042181254986834e+18,Sat Dec 17 20:53:00 +0000 2022,"#bitcoin
Always be cautious about the market where the coins can fluctuate but Solanasail will give you a chance to‚Ä¶ https://t.co/WGYHMT6QTF","<a href=""http://twitter.com/download/android"" rel=""nofollow"">Twitter for Android</a>",,,5.0,4.0,False,False
1.6037265771450941e+18,Fri Dec 16 12:19:46 +0000 2022,"üìà  ANALYSE BITCOIN (BTC) du 16.12.2022

- Sur Youtube : https://t.co/td7h9lj5ed

- Sur Tik Tok :‚Ä¶ https://t.co/U3gh0XCGOs","<a href=""https://mobile.twitter.com"" rel=""nofollow"">Twitter Web App</a>",,,0.0,0.0,False,False
1.6037108491427226e+18,Fri Dec 16 11:17:16 +0000 2022,Breaking news:  https://t.co/mNFIzDyXYH #BTC #Crypto #Binance #Altcoins #ADA #Sand #Doge #Luna #Coinbase #dogecoin‚Ä¶ https://t.co/rokwjoPoHo,"<a href=""https://help.twitter.com/en/using-twitter/how-to-tweet#source-labels"" rel=""nofollow"">Automate wordpress posts</a>",,,0.0,0.0,False,False
1.6036638339644662e+18,Fri Dec 16 08:10:27 +0000 2022,"Give  2 charts to analyse ‚úçÔ∏èüëá

Fore more chart analysis:üëáüéØ
https://t.co/hO5FnNFbgz 

#Crypto  #Bitcoin   #Binance‚Ä¶ https://t.co/WodmJN0Lya","<a href=""https://mobile.twitter.com"" rel=""nofollow"">Twitter Web App</a>",,,2.0,7.0,False,False
1.6036081139907625e+18,Fri Dec 16 04:29:02 +0000 2022,#BTCUSDT ‚Äì Clear View: BTCUSDT ‚Äì Clear View Bitcoin / TetherUS BINANCE:BTCUSDT hmaroudas Nice View of BTCUSDT ‚Äì It‚Ä¶ https://t.co/sCJ5SsvqEE,"<a href=""https://dlvrit.com/"" rel=""nofollow"">dlvr.it</a>",,,0.0,0.0,False,False
1.6036067413583708e+18,Fri Dec 16 04:23:35 +0000 2022,RT @bitcoinagile: BTC analyse last phase of Wyckoff? for BITFINEX:BTCUSD by Ertugrul27 #bitcoin #crypto #btc $btc https://t.co/3UojXifP5F h‚Ä¶,"<a href=""http://twitter.com/download/android"" rel=""nofollow"">Twitter for Android</a>",,,2.0,0.0,False,False
1.6036037592586363e+18,Fri Dec 16 04:11:44 +0000 2022,RT @cryptoclickio: üî• BTC analyse last phase of Wyckoff?‚ùì Check the post https://t.co/M4lfS8rNnq #bitcoin @tradingview #crypto $btc #btc,"<a href=""https://www.titter.com"" rel=""nofollow"">inskatestapp</a>",,,1.0,0.0,False,False
1.6036026849966244e+18,Fri Dec 16 04:07:28 +0000 2022,BTC analyse last phase of Wyckoff? for BITFINEX:BTCUSD by Ertugrul27 #bitcoin #crypto #btc $btc‚Ä¶ https://t.co/txGzSXIL7k,"<a href=""http://bitcoinagile.com"" rel=""nofollow"">bitcoinagile</a>",,,2.0,1.0,False,False
1.6036026461154427e+18,Fri Dec 16 04:07:18 +0000 2022,üî• BTC analyse last phase of Wyckoff?‚ùì Check the post https://t.co/M4lfS8rNnq #bitcoin @tradingview #crypto $btc #btc,"<a href=""https://www.make.com"" rel=""nofollow"">Make (formerly Integromat)</a>",,,1.0,0.0,False,False
1.6035693623505183e+18,Fri Dec 16 01:55:03 +0000 2022,#BTC analyse last phase of Wyckoff?: BTC analyse last phase of Wyckoff? Bitcoin / Dollar BITFINEX:BTCUSD Ertugrul27‚Ä¶ https://t.co/V68rMxrMV2,"<a href=""https://dlvrit.com/"" rel=""nofollow"">dlvr.it</a>",,,0.0,1.0,False,False
1.6033863326126326e+18,Thu Dec 15 13:47:45 +0000 2022,Breaking news:  https://t.co/CAV3l7ZUyf #BTC #Crypto #Binance #Altcoins #ADA #Sand #Doge #Luna #Coinbase #dogecoin‚Ä¶ https://t.co/vLedgaz4W0,"<a href=""https://help.twitter.com/en/using-twitter/how-to-tweet#source-labels"" rel=""nofollow"">Automate wordpress posts</a>",,,0.0,2.0,False,False
1.6033508087870423e+18,Thu Dec 15 11:26:36 +0000 2022,"üìà  ANALYSE BITCOIN (BTC) du 15.12.2022

- Sur Youtube : https://t.co/CfpQfXyGCT

- Sur Tik Tok :‚Ä¶ https://t.co/3foyZz8xCj","<a href=""https://mobile.twitter.com"" rel=""nofollow"">Twitter Web App</a>",,,0.0,0.0,False,False
1.6033332628766802e+18,Thu Dec 15 10:16:53 +0000 2022,RT @Il_Mars_: 1/ There is a lot of hype surrounding @LuganoPlanB. But what does #BITCOIN adoption look like in the city? I hit the roads of‚Ä¶,"<a href=""http://twitter.com/download/android"" rel=""nofollow"">Twitter for Android</a>",,,12.0,0.0,False,False
1.6032775957719572e+18,Thu Dec 15 06:35:40 +0000 2022,"@g0ldlionn have you seen men analyse women? have you also seen their technical bitcoin charts? 

astrology, just in a different form","<a href=""https://mobile.twitter.com"" rel=""nofollow"">Twitter Web App</a>",,,0.0,0.0,False,False
1.6031937499321508e+18,Thu Dec 15 01:02:30 +0000 2022,Time to analyse the market! #Ethereum Vs #Bitcoin. #NFTs #HoDooi #HODArmy https://t.co/KgErwYLKVe,"<a href=""https://mobile.twitter.com"" rel=""nofollow"">Twitter Web App</a>",,,0.0,1.0,False,False
1.6030098015625134e+18,Wed Dec 14 12:51:33 +0000 2022,1/ There is a lot of hype surrounding @LuganoPlanB. But what does #BITCOIN adoption look like in the city? I hit th‚Ä¶ https://t.co/d5V9gDV9uq,"<a href=""https://mobile.twitter.com"" rel=""nofollow"">Twitter Web App</a>",,,12.0,50.0,False,False
1.6030087946860954e+18,Wed Dec 14 12:47:33 +0000 2022,Breaking news:  https://t.co/OQeH1t28pS #BTC #Crypto #Binance #Altcoins #ADA #Sand #Doge #Luna #Coinbase #dogecoin‚Ä¶ https://t.co/7MfPdadKC0,"<a href=""https://help.twitter.com/en/using-twitter/how-to-tweet#source-labels"" rel=""nofollow"">Automate wordpress posts</a>",,,0.0,2.0,False,False
1.6028803408337347e+18,Wed Dec 14 04:17:07 +0000 2022,"RT @PizzinoMichael: On YouTube I regularly analyse:

Bitcoin
Ethereum
Polygon
Solana
Cardano

I occasionally cover a few others. What do yo‚Ä¶","<a href=""http://twitter.com/download/iphone"" rel=""nofollow"">Twitter for iPhone</a>",,,1.0,0.0,False,False
1.6028602287765996e+18,Wed Dec 14 02:57:12 +0000 2022,"On YouTube I regularly analyse:

Bitcoin
Ethereum
Polygon
Solana
Cardano

I occasionally cover a few others. What d‚Ä¶ https://t.co/LunrzYbgh2","<a href=""https://mobile.twitter.com"" rel=""nofollow"">Twitter Web App</a>",,,1.0,32.0,False,False
1.602720392220758e+18,Tue Dec 13 17:41:33 +0000 2022,"@JasmyProphet Ah u delusional, maybe that analyse works for another coin. But jasmy is just chilling when bitcoin g‚Ä¶ https://t.co/F82FRiyTHi","<a href=""https://mobile.twitter.com"" rel=""nofollow"">Twitter Web App</a>",,,0.0,1.0,False,False
1.6026611009059553e+18,Tue Dec 13 13:45:57 +0000 2022,Breaking news:  https://t.co/2TdTQCb9WX #BTC #Crypto #Binance #Altcoins #ADA #Sand #Doge #Luna #Coinbase #dogecoin‚Ä¶ https://t.co/Afbeq2agRp,"<a href=""https://help.twitter.com/en/using-twitter/how-to-tweet#source-labels"" rel=""nofollow"">Automate wordpress posts</a>",,,0.0,3.0,False,False
1.6026581392576717e+18,Tue Dec 13 13:34:11 +0000 2022,Bitcoin Live Analyse! https://t.co/yoocneMt1b,"<a href=""http://publicize.wp.com/"" rel=""nofollow"">Jetpack.com</a>",,,0.0,0.0,False,False
1.602634225383088e+18,Tue Dec 13 11:59:09 +0000 2022,"RT @maxime_ctrr: Hi team! 

Join my telegram group of technical analysis, I will post an advanced analysis of #BTC tonightüá¨üáß

Rejoignez mon‚Ä¶","<a href=""http://twitter.com/download/iphone"" rel=""nofollow"">Twitter for iPhone</a>",,,3.0,0.0,False,False
1.602615586223276e+18,Tue Dec 13 10:45:05 +0000 2022,Breaking news:  https://t.co/zZj2HdaITy #BTC #Crypto #Binance #Altcoins #ADA #Sand #Doge #Luna #Coinbase #dogecoin‚Ä¶ https://t.co/Ur0XwHN3Aj,"<a href=""https://help.twitter.com/en/using-twitter/how-to-tweet#source-labels"" rel=""nofollow"">Automate wordpress posts</a>",,,0.0,4.0,False,False
1.6025756007448125e+18,Tue Dec 13 08:06:12 +0000 2022,"$OCEAN

Free analyse posted yesterday!

Perfectly doneüî•

0.1660$ support touched, as mentionned! 

Fore more chart‚Ä¶ https://t.co/TiWaczXh1A","<a href=""https://mobile.twitter.com"" rel=""nofollow"">Twitter Web App</a>",,,0.0,4.0,False,False
1.6025481971671409e+18,Tue Dec 13 06:17:18 +0000 2022,üî• 2022/12/13 12:16 ETH/USD analyse‚ùì Check the post https://t.co/YpvLXHoV2o #bitcoin @tradingview #crypto $btc #btc,"<a href=""https://www.make.com"" rel=""nofollow"">Make (formerly Integromat)</a>",,,0.0,0.0,False,False
1.602412608388272e+18,Mon Dec 12 21:18:31 +0000 2022,"That's it! üß†

The #Bitcoin analysis is out on my telegram channel! 
We talk about the CPI and the FOMC mainly üá¨üáß

L‚Ä¶ https://t.co/AL2xLx12xX","<a href=""https://mobile.twitter.com"" rel=""nofollow"">Twitter Web App</a>",,,0.0,4.0,False,False
1.6023864685503447e+18,Mon Dec 12 19:34:39 +0000 2022,"Hi team! 

Join my telegram group of technical analysis, I will post an advanced analysis of #BTC tonightüá¨üáß

Rejoig‚Ä¶ https://t.co/rZDua0gca7","<a href=""https://mobile.twitter.com"" rel=""nofollow"">Twitter Web App</a>",,,3.0,9.0,False,False
